lat_ruim,latitude,long_ruim,longitude,naosei,naosei2
15°55′43″S,-15.92863188,47°49′27″W,-47.82426362,19.2978,146.276°
15°42′21″S,-15.70591359,47°52′51″W,-47.88085788,9.8933,28.141°
15°54′26″S,-15.90713398,47°55′30″W,-47.92501348,13.6568,180.259°
15°51′46″S,-15.86290552,47°58′04″W,-47.96772115,9.8892,207.924°
15°42′43″S,-15.71184475,47°48′01″W,-47.8001547,15.5578,58.794°
15°55′28″S,-15.92431503,47°55′03″W,-47.91758994,15.5849,177.307°
15°45′33″S,-15.75904677,48°00′41″W,-48.01144145,9729,286.804°
15°51′45″S,-15.86237019,47°54′41″W,-47.91129683,8.7909,170.798°
15°48′42″S,-15.81153408,48°05′17″W,-48.08817988,17.7836,260.189°
15°44′14″S,-15.73717697,47°57′37″W,-47.9603855,6.5069,323.738°
15°52′41″S,-15.8780943,48°00′57″W,-48.01595288,14.3045,223.192°
15°49′11″S,-15.81976349,48°05′39″W,-48.09418362,18589,257.744°
15°57′25″S,-15.95700994,47°56′28″W,-47.94102981,19.2861,185.279°
15°47′20″S,-15.78889216,48°03′51″W,-48.06409363,14.9562,268.046°
15°48′32″S,-15.80892448,48°00′23″W,-48.00632717,9.1808,252.669°
15°53′14″S,-15.88711495,47°59′08″W,-47.98541985,13.1617,209.714°
15°53′51″S,-15.89745271,48°02′46″W,-48.04618199,18.1096,225.984°
15°49′09″S,-15.81924435,48°06′00″W,-48.10002985,19.1892,258.307°
15°40′54″S,-15.68180013,47°47′23″W,-47.78979599,18.3815,51.663°
15°40′40″S,-15.6777053,48°01′55″W,-48.03181904,16.5188,315.882°
15°50′07″S,-15.83525769,47°58′28″W,-47.97442058,7.7894,223.366°
15°41′20″S,-15.68887141,47°50′10″W,-47.83606131,14223,41.71°
15°44′43″S,-15.74530817,47°59′56″W,-47.99883403,9.0708,298.593°
15°47′56″S,-15.79901223,47°53′11″W,-47.88645164,4.3802,111.862°
15°40′09″S,-15.66917412,47°52′17″W,-47.87141726,14012,23.905°
15°49′08″S,-15.81883671,47°49′14″W,-47.82052583,11.7637,109.044°
15°38′42″S,-15.64512451,48°00′43″W,-48.01202543,18104,328.789°
15°51′06″S,-15.85166059,47°52′41″W,-47.87807577,8.9812,146.475°
15°50′33″S,-15.84253961,47°53′30″W,-47.89155158,7367,151.47°
15°37′54″S,-15.6318001,47°55′55″W,-47.93187474,16.9864,357.311°
15°49′02″S,-15.81709679,47°54′24″W,-47.90677307,4.1035,152.573°
15°54′22″S,-15.90610538,48°03′32″W,-48.05881611,19752,226.698°
15°44′48″S,-15.74654654,47°49′21″W,-47.82241492,11.7021,68.955°
15°56′03″S,-15.93423362,47°55′50″W,-47.93048472,16.6834,182.222°
15°49′19″S,-15.82185406,48°04′13″W,-48.070192,16.1472,255.009°
15°41′42″S,-15.69509137,47°54′20″W,-47.90565449,10.1296,11.451°
15°43′59″S,-15.73314865,48°00′55″W,-48.01539861,11.2804,300.31°
15°46′54″S,-15.78179984,47°50′03″W,-47.83417638,9.6649,88.33°
15°48′02″S,-15.80058192,48°05′30″W,-48.09176061,17.9992,264.221°
15°55′53″S,-15.93148478,47°57′56″W,-47.96543531,16.9428,195°
15°38′07″S,-15.63525825,47°56′53″W,-47.94812896,16776,351.299°
15°56′09″S,-15.93572755,47°52′12″W,-47.87000178,17.8159,160.927°
15°47′39″S,-15.79416382,47°53′56″W,-47.89875647,2.9572,111.662°
15°55′13″S,-15.92014981,47°56′14″W,-47.93716908,15.1657,185.152°
15°41′01″S,-15.6835764,48°02′40″W,-48.04432777,17.0407,311.113°
15°43′52″S,-15.73119617,48°05′39″W,-48.09417267,19.1074,288.001°
15°50′52″S,-15.84771257,47°46′39″W,-47.77757208,17.2244,114.172°
15°48′14″S,-15.80389093,47°50′41″W,-47.84462762,8.8138,104.286°
15°44′02″S,-15.73387979,47°49′26″W,-47.82395966,12.1324,62.452°
15°37′38″S,-15.62722435,47°57′42″W,-47.96168245,17.9259,347.14°
15°52′24″S,-15.8733315,47°51′51″W,-47.86429977,11.8051,146.976°
15°43′04″S,-15.71774025,47°54′13″W,-47.90373229,7.7333,16.657°
15°47′28″S,-15.79112536,47°52′25″W,-47.87363533,5.4892,97.896°
15°45′08″S,-15.75224201,48°02′07″W,-48.0351687,12.3793,286.753°
15°42′54″S,-15.71491973,47°58′38″W,-47.97711975,9.5628,323.852°
15°44′52″S,-15.74766729,47°53′36″W,-47.89330828,5.2678,39.24°
15°45′33″S,-15.75924235,47°58′31″W,-47.97531298,6.1202,297.143°
15°45′28″S,-15.75768181,48°02′53″W,-48.04817584,13.5731,282.607°
15°54′10″S,-15.90277904,47°57′39″W,-47.96069786,13.7319,196.408°
15°39′12″S,-15.65338714,47°56′12″W,-47.93679985,14.6267,354.806°
15°44′28″S,-15.74104643,47°54′31″W,-47.9085963,5.1063,19.395°
15°40′16″S,-15.67113338,47°54′40″W,-47.91107136,12.6738,6.484°
15°44′08″S,-15.73550175,47°54′57″W,-47.91594436,5.5089,9.498°
15°39′23″S,-15.65626649,48°00′42″W,-48.01173104,17.0386,326.721°
15°56′41″S,-15.94462864,47°52′15″W,-47.87084065,18.7266,162.177°
15°43′00″S,-15.71659658,47°55′55″W,-47.93195811,7579,353.9°
15°49′54″S,-15.83161894,47°50′19″W,-47.83872807,10.5723,119.832°
15°54′44″S,-15.91228376,47°52′51″W,-47.8809459,14971,161.897°
15°48′30″S,-15.80835859,47°50′20″W,-47.83894212,9.5317,106.28°
15°53′37″S,-15.89361424,47°54′46″W,-47.91270463,12.2176,174.104°
15°41′07″S,-15.68518596,47°49′16″W,-47.82108422,15.6231,45.104°
15°49′52″S,-15.83111613,48°01′24″W,-48.02326937,11.7869,243.8°
15°37′35″S,-15.62633239,47°56′57″W,-47.94915455,17774,351.433°
15°52′10″S,-15.86952498,47°54′56″W,-47.91568817,9.5197,174.358°
15°47′42″S,-15.79502424,48°02′09″W,-48.03577504,11.9756,264.296°
15°52′46″S,-15.87941853,48°04′02″W,-48.06725494,18.5841,235.301°
15°50′55″S,-15.84852018,47°55′25″W,-47.92361917,7.1378,179.299°
15°38′59″S,-15.64982477,47°57′07″W,-47.95186632,15.2484,348.891°
15°44′29″S,-15.74137952,48°04′14″W,-48.07046078,16.3454,286.982°
15°36′54″S,-15.61507258,47°53′29″W,-47.89144559,19.1567,10.631°
15°42′28″S,-15.70773464,47°59′23″W,-47.98967148,11.0178,320.656°
15°50′04″S,-15.83452049,47°46′31″W,-47.77535925,16.9017,109.298°
15°57′02″S,-15.95056661,47°57′34″W,-47.95951106,18.8645,191.469°
15°50′36″S,-15.8432809,48°04′12″W,-48.06997119,16.8977,247.157°
15°48′46″S,-15.81269162,47°53′06″W,-47.88499237,5.2685,126.755°
15°54′32″S,-15.9089625,47°51′13″W,-47.8536977,15.7921,151.371°
15°52′45″S,-15.87922142,48°00′03″W,-48.00072766,13.3414,217.718°
15°39′59″S,-15.66628435,48°02′10″W,-48.03605159,17.7554,317.683°
15°52′04″S,-15.86783047,47°45′53″W,-47.76474032,19.4486,118.539°
15°40′28″S,-15.67450013,47°49′12″W,-47.82006177,16.5576,42.459°
15°48′34″S,-15.80937318,47°47′56″W,-47.79890161,13.7206,101.72°
15°43′08″S,-15.71885118,47°45′24″W,-47.75670517,19.3772,67.938°
15°44′58″S,-15.74950933,47°54′22″W,-47.90613584,4.3423,26.818°
15°41′13″S,-15.68685553,47°58′44″W,-47.97883812,12.3092,331.753°
15°37′17″S,-15.62136248,47°53′18″W,-47.8883557,18.5357,12.035°
15°53′29″S,-15.89150956,47°54′22″W,-47.90617158,12078,170.691°
15°51′58″S,-15.86599133,48°04′10″W,-48.06933399,17.9689,239.626°
15°40′25″S,-15.67353062,47°50′24″W,-47.83990051,15292,36.299°
15°51′56″S,-15.86547002,48°00′52″W,-48.01447275,13.1999,226.868°
15°46′10″S,-15.76941006,47°59′11″W,-47.98630351,6.8274,284.079°
15°41′22″S,-15.68957115,48°03′46″W,-48.06277791,18.1793,305.424°
15°38′48″S,-15.64671004,47°51′37″W,-47.86018121,16.7841,24.207°
15°44′13″S,-15.73697749,48°02′49″W,-48.04683421,14122,291.892°
15°41′05″S,-15.68478606,47°51′03″W,-47.85078473,13.5946,35.461°
15°39′24″S,-15.65673197,47°52′04″W,-47.86764672,15442,23.195°
15°46′25″S,-15.77360049,47°59′19″W,-47.98870995,6.9827,279.852°
15°50′17″S,-15.83817275,47°49′44″W,-47.82880779,11.8562,120.339°
15°45′05″S,-15.7514743,48°00′13″W,-48.00352434,9.2217,293.351°
15°39′50″S,-15.66393426,47°48′12″W,-47.80337405,18.6382,44.077°
15°47′56″S,-15.79900949,47°52′26″W,-47.87394603,5.6444,106.796°
15°41′20″S,-15.68876691,47°59′27″W,-47.99074982,12784,326.257°
15°48′32″S,-15.80879638,47°58′13″W,-47.9702071,5.6027,240.962°
15°54′12″S,-15.90339353,47°55′29″W,-47.92481948,13.2407,180.178°
15°40′21″S,-15.67261631,48°02′57″W,-48.04906873,18.2345,312.948°
15°50′03″S,-15.83428607,47°53′39″W,-47.89417733,6.4291,149.76°
15°54′28″S,-15.90786642,47°59′14″W,-47.98723524,15.2934,206.055°
15°51′36″S,-15.86006368,47°49′03″W,-47.81761993,14.1977,126.395°
15°53′20″S,-15.88886889,47°53′25″W,-47.89030024,12.1855,162.562°
15°43′52″S,-15.73099687,47°53′59″W,-47.89983403,6.4925,23.934°
15°50′03″S,-15.83428519,47°59′46″W,-47.99602366,9.4626,234.05°
15°50′50″S,-15.84733746,48°00′31″W,-48.00870607,11.4197,232.147°
15°47′25″S,-15.79023892,48°00′31″W,-48.00848308,9.0194,265.825°
15°48′37″S,-15.81037175,47°52′51″W,-47.88084544,5.4901,121.82°
15°46′09″S,-15.76905727,47°51′22″W,-47.85614708,7.5047,76.908°
15°55′06″S,-15.91844414,47°55′40″W,-47.92769115,14.9187,181.337°
15°45′37″S,-15.7603861,47°45′59″W,-47.76677239,17.0853,81.046°
15°52′52″S,-15.88104981,47°58′56″W,-47.98219556,12.4048,209.876°
15°46′41″S,-15.7781482,47°46′44″W,-47.77881394,15.6017,87.485°
15°52′47″S,-15.87962704,47°50′58″W,-47.8495454,13.2861,142.913°
15°50′31″S,-15.84184093,47°55′59″W,-47.93340225,6466,188.533°
15°46′32″S,-15.77567975,47°51′50″W,-47.86393928,6.5467,81.536°
15°45′56″S,-15.76567196,47°48′24″W,-47.8066473,12.7778,80.658°
15°44′54″S,-15.7484243,48°03′15″W,-48.05412048,14.4454,286.042°
15°44′50″S,-15.74719503,47°47′36″W,-47.79322429,14.6405,73.621°
15°43′32″S,-15.72563798,48°00′14″W,-48.00375187,10.7115,307.555°
15°54′46″S,-15.91267629,47°50′41″W,-47.8447389,16.6265,149.155°
15°48′58″S,-15.81600833,47°54′05″W,-47.90126334,4.3068,144.845°
15°44′30″S,-15.74166005,48°01′13″W,-48.02022759,11.3,294.835°
15°50′24″S,-15.84012318,47°54′10″W,-47.90275588,6623,159.496°
15°51′37″S,-15.860338,47°57′54″W,-47.96499364,9501,207.176°
15°55′54″S,-15.93174614,47°53′34″W,-47.89271934,16.7417,168.31°
15°45′54″S,-15.76489043,47°52′48″W,-47.87988428,5.2369,65.592°
15°53′35″S,-15.89311718,47°51′43″W,-47.86188695,13.8256,151.055°
15°54′04″S,-15.9010772,47°56′21″W,-47.93908449,13.0773,186.882°
15°55′06″S,-15.91827722,47°59′33″W,-47.99247201,16.5797,206.035°
15°40′57″S,-15.68262565,47°57′44″W,-47.962318,12.0195,340.275°
15°48′06″S,-15.80158829,47°48′19″W,-47.8052687,12.8975,98.565°
15°51′41″S,-15.86139227,48°04′22″W,-48.07285978,18.0472,241.633°
15°37′10″S,-15.61946428,47°52′04″W,-47.86781251,19316,18.301°
15°53′59″S,-15.8997256,47°47′59″W,-47.79976873,18.51,133.907°
15°55′37″S,-15.92695804,47°52′09″W,-47.86923837,16.9254,159.586°
15°44′46″S,-15.74607052,47°56′44″W,-47.94567191,4.8266,331.9°
15°42′59″S,-15.71638387,47°58′44″W,-47.9789851,9.5525,322.308°
15°51′16″S,-15.85451486,47°45′51″W,-47.76428396,18.8316,114.504°
15°44′05″S,-15.73473855,47°55′40″W,-47.92782236,5.5301,356.241°
15°44′19″S,-15.73866369,48°02′14″W,-48.03725354,13.1021,292.805°
15°48′24″S,-15.80663182,47°47′51″W,-47.79738999,13.8212,100.346°
15°40′12″S,-15.67011535,48°02′17″W,-48.03810101,17.5936,316.221°
15°36′28″S,-15.60789526,47°53′26″W,-47.89048966,19.9603,10.497°
15°47′26″S,-15.7904876,48°01′25″W,-48.02371152,10.6474,266.311°
15°39′37″S,-15.66021972,47°47′43″W,-47.79532586,19.5372,45.052°
15°42′51″S,-15.7142721,47°57′48″W,-47.96334975,8838,331.873°
15°42′13″S,-15.70348031,47°49′06″W,-47.81836212,14.4865,51.631°
15°55′59″S,-15.93292504,47°52′59″W,-47.88304674,17.1084,165.004°
15°39′54″S,-15.66494336,47°55′28″W,-47.92443032,13.2813,0.003°
15°48′47″S,-15.81304111,47°44′45″W,-47.74584549,19.3781,99.503°
15°54′27″S,-15.9074752,47°48′22″W,-47.80600091,18.6584,137.236°
15°36′59″S,-15.61627653,47°57′40″W,-47.9611941,19.1042,348.105°
15°56′37″S,-15.94351278,47°58′51″W,-47.98075588,18.7004,198.79°
15°52′57″S,-15.88252419,47°49′36″W,-47.82657901,15.1288,136.213°
15°45′54″S,-15.76487321,47°55′12″W,-47.92009726,2.2157,12.099°
15°51′45″S,-15.8625282,47°59′38″W,-47.99382806,11.4346,220.488°
15°51′25″S,-15.85684933,47°55′59″W,-47.93327944,8119,186.693°
15°40′13″S,-15.67030344,47°49′12″W,-47.8199191,16.9152,41.43°
15°47′31″S,-15.79205866,47°46′42″W,-47.77825806,15.6689,93.156°
15°44′49″S,-15.74690473,47°52′21″W,-47.87241417,6.9538,53.212°
15°38′46″S,-15.64604923,47°57′59″W,-47.96640832,16.0258,343.709°
15°45′00″S,-15.75012384,47°46′30″W,-47.77489062,16454,76.642°
15°41′11″S,-15.68644058,47°58′48″W,-47.98003274,12.4107,331.333°
15°50′24″S,-15.83986962,47°49′39″W,-47.82755807,12.0673,120.792°
15°36′31″S,-15.60860713,47°54′51″W,-47.91417528,19.5782,3.218°
15°48′59″S,-15.81638955,47°52′06″W,-47.86832374,6983,120.692°
15°57′12″S,-15.95325873,47°52′24″W,-47.87320999,19.57,163.744°
15°48′46″S,-15.81268786,48°02′01″W,-48.03356313,12.0971,254.883°
15°46′43″S,-15.77850836,47°55′30″W,-47.92512695,0.6541,353.506°
15°47′43″S,-15.79526334,47°52′53″W,-47.88132121,4.7715,104.742°
15°54′23″S,-15.90642865,47°47′41″W,-47.79472274,19.4166,134.389°
15°42′06″S,-15.70153522,47°53′56″W,-47.8987723,9.6123,16.611°
15°51′34″S,-15.85935014,48°01′22″W,-48.02281186,13.4318,231.594°
15°47′41″S,-15.79484704,47°58′48″W,-47.98006926,6.0678,258.9°
15°49′55″S,-15.83193039,47°59′53″W,-47.99796867,9.4834,236.07°
15°54′04″S,-15.90111598,47°56′10″W,-47.93603757,13.0465,185.459°
15°54′38″S,-15.91064321,47°54′36″W,-47.91012543,14.1302,173.781°
15°37′29″S,-15.62483588,47°54′11″W,-47.90292469,17.8912,7.4°
15°50′58″S,-15.84940188,47°47′08″W,-47.78568298,16.5176,115.998°
15°51′54″S,-15.86513866,47°52′51″W,-47.88073984,10.1295,152.515°
15°53′51″S,-15.89737367,47°50′00″W,-47.83347135,15.8988,142.263°
15°49′03″S,-15.81757965,48°03′52″W,-48.0643937,15428,256.121°
15°45′27″S,-15.75761794,48°00′50″W,-48.0138504,10.0221,287.247°
15°44′52″S,-15.74787643,47°54′41″W,-47.91131938,4293,19.091°
15°49′27″S,-15.82409308,47°56′08″W,-47.93543562,4.5744,194.911°
15°38′19″S,-15.63857384,48°01′38″W,-48.02723711,19.5974,325.816°
15°41′32″S,-15.69222848,47°56′35″W,-47.94303142,10.4381,349.002°
15°41′51″S,-15.69761106,47°52′31″W,-47.87522654,10.9924,28.643°
15°57′07″S,-15.95200732,47°53′14″W,-47.88721665,19.0682,167.951°
15°49′15″S,-15.82077989,47°52′15″W,-47.87095794,7.0124,125.304°
15°44′11″S,-15.73645794,48°01′26″W,-48.02393915,11.9091,296.557°
15°49′39″S,-15.82738639,47°48′03″W,-47.80078824,14072,109.903°
15°49′47″S,-15.82970271,47°47′58″W,-47.79954325,14.2862,110.693°
15°39′28″S,-15.65791422,47°47′39″W,-47.79430104,19.7964,44.751°
15°56′31″S,-15.94188012,47°58′44″W,-47.97900775,18.4686,198.422°
15°55′09″S,-15.91903262,47°53′51″W,-47.89761512,15.2525,169.159°
15°40′58″S,-15.68285344,47°50′53″W,-47.84810335,13.9366,35.91°
15°40′22″S,-15.67278441,47°58′39″W,-47.97745494,13.6458,335.412°
15°43′29″S,-15.72486076,48°05′43″W,-48.09517837,19.4385,289.878°
15°53′21″S,-15.88912348,47°53′07″W,-47.88532718,12382,160.252°
15°39′58″S,-15.66615018,47°53′47″W,-47.89625139,13.4889,12.93°
15°45′48″S,-15.76332737,47°44′21″W,-47.73911445,19.9737,83.302°
15°48′30″S,-15.80829019,48°02′35″W,-48.04298599,12.9643,258.132°
15°45′29″S,-15.7580221,48°02′38″W,-48.04388234,13.1166,282.885°
15°53′11″S,-15.88630466,47°56′27″W,-47.9407329,11.4732,188.74°
15°45′44″S,-15.76226523,47°56′32″W,-47.94219328,3106,322.267°
15°42′34″S,-15.70947483,47°54′51″W,-47.91418351,8.4002,7.509°
15°48′27″S,-15.80756315,47°56′15″W,-47.93753031,2.9376,208.492°
15°54′49″S,-15.913602,47°55′50″W,-47.93058778,14.3911,182.621°
15°43′27″S,-15.72413781,48°03′31″W,-48.05858459,15.8453,294.985°
15°41′36″S,-15.6932184,48°03′38″W,-48.06050493,17.7467,304.813°
15°40′58″S,-15.68265614,48°04′35″W,-48.07643606,19818,304.782°
15°54′00″S,-15.8998641,48°02′03″W,-48.03427,17.4124,222.435°
15°52′38″S,-15.87731908,47°51′27″W,-47.85746934,12.5808,145.287°
15°45′36″S,-15.76008029,48°03′54″W,-48.06496812,15.2827,280.155°
15°45′41″S,-15.76142197,47°54′08″W,-47.90226505,3.4837,42.942°
15°41′23″S,-15.68963582,47°48′54″W,-47.81501817,15.7543,48.048°
15°44′13″S,-15.73700259,47°53′23″W,-47.88963053,6.4511,35.282°
15°42′09″S,-15.70242735,47°52′56″W,-47.88228688,10.1681,26.35°
15°45′06″S,-15.75176094,48°00′25″W,-48.00693361,9.5457,292.306°
15°49′38″S,-15.82734672,48°00′06″W,-48.00163482,9.5461,239.926°
15°41′01″S,-15.68356741,47°49′17″W,-47.82127888,15.7362,44.587°
15°48′01″S,-15.8001561,47°53′51″W,-47.89737362,3.3881,121.259°
15°46′06″S,-15.7682218,48°01′04″W,-48.01766915,10.1393,280.179°
15°44′50″S,-15.74726524,48°00′31″W,-48.00859014,9.9076,294.592°
15°41′59″S,-15.69963131,47°47′54″W,-47.79827228,16.4687,55.115°
15°44′38″S,-15.74397481,47°45′23″W,-47.75640121,18.5391,76.004°
15°48′29″S,-15.80794722,47°46′01″W,-47.76687508,17.0661,98.868°
15°54′00″S,-15.89990154,47°52′32″W,-47.87549122,13.8783,157.836°
15°55′54″S,-15.93161394,48°01′04″W,-48.01773381,19.1816,211.347°
15°50′56″S,-15.84878251,47°55′04″W,-47.91774541,7.2021,174.296°
15°55′12″S,-15.92010042,48°00′46″W,-48.01290468,17.8207,212.072°
15°48′58″S,-15.81614075,47°51′10″W,-47.85264601,8.4578,114.722°
15°38′50″S,-15.64710581,47°54′23″W,-47.9064194,15.3867,7.204°
15°49′43″S,-15.82870086,47°45′45″W,-47.76257981,18.0106,105.918°
15°42′01″S,-15.70041021,47°51′09″W,-47.85253923,12.1,39.511°
15°44′32″S,-15.74233178,47°57′11″W,-47.9531851,5.5959,326.633°
15°47′20″S,-15.78889766,47°50′58″W,-47.84950495,8.0359,93.618°
15°40′54″S,-15.68169972,47°52′11″W,-47.86965477,12.8357,27.196°
15°41′41″S,-15.69476361,48°04′26″W,-48.07389403,18.8495,301.893°
15°53′18″S,-15.88837106,47°50′29″W,-47.84132467,14.5928,142.463°
15°51′03″S,-15.85097153,47°58′37″W,-47.97691915,9298,217.154°
15°55′12″S,-15.92005829,48°00′20″W,-48.00568129,17.4184,209.927°
15°42′13″S,-15.70351025,47°53′23″W,-47.88960887,9734,22.526°
15°38′50″S,-15.64721748,47°53′11″W,-47.8863335,15789,14.979°
15°49′23″S,-15.82301226,47°57′24″W,-47.95661299,5.5091,218.684°
15°56′51″S,-15.94753719,47°58′47″W,-47.97961178,19.0864,198.009°
15°44′52″S,-15.74774,48°05′28″W,-48.09114124,18.3032,282.832°
15°55′24″S,-15.92332753,47°54′10″W,-47.90275767,15.6309,171.469°
15°39′40″S,-15.66111967,48°00′32″W,-48.00891822,16.4221,326.567°
15°45′39″S,-15.76086505,47°49′59″W,-47.83312824,10.1165,75.048°
15°39′01″S,-15.65017243,47°54′47″W,-47.913178,14.9728,4.619°
15°37′02″S,-15.61718176,47°57′32″W,-47.95901016,18.9586,348.735°
15°46′16″S,-15.77101865,47°55′09″W,-47.91915195,1.5871,20.877°
15°46′47″S,-15.77968477,47°50′39″W,-47.84403071,8.6217,86.56°
15°48′41″S,-15.81152066,47°52′22″W,-47.87286037,6.2929,118.706°
15°49′25″S,-15.82355064,47°46′06″W,-47.76829693,17.2697,104.645°
15°45′55″S,-15.76515681,47°54′08″W,-47.90231315,3.1883,47.965°
15°49′21″S,-15.82259253,47°52′27″W,-47.87406075,6.8671,128.279°
15°52′32″S,-15.87548062,48°03′16″W,-48.05452042,17.2194,233.922°
15°50′56″S,-15.84889645,47°48′29″W,-47.80805887,14.3751,119.977°
15°43′52″S,-15.73112876,48°02′14″W,-48.03720744,13.4451,296.107°
15°44′08″S,-15.73557253,47°57′55″W,-47.96523587,6.9649,321.161°
15°56′40″S,-15.94451431,47°51′52″W,-47.8645802,18.9304,160.236°
15°55′02″S,-15.91717396,47°49′03″W,-47.81754608,18683,142.269°
15°42′24″S,-15.70654483,47°46′55″W,-47.78187654,17.5443,60.463°
15°52′08″S,-15.8687681,47°53′57″W,-47.89919287,9.7702,163.953°
15°40′40″S,-15.6776586,47°50′05″W,-47.83465166,15.2716,39.02°
15°43′20″S,-15.72235174,48°04′20″W,-48.07214178,17.2501,293.543°
15°49′50″S,-15.8306036,48°06′03″W,-48.10077107,19.56,254.727°
15°42′58″S,-15.71604854,47°50′15″W,-47.83760747,12.0047,50.752°
15°45′26″S,-15.7572922,47°52′25″W,-47.87348172,6.2294,61.116°
15°55′36″S,-15.92669871,48°00′32″W,-48.00895942,18.2336,209.723°
15°37′28″S,-15.62452452,47°57′06″W,-47.95173958,18.0157,350.657°
15°50′14″S,-15.8372149,47°47′58″W,-47.79946993,14.6091,113.75°
15°51′01″S,-15.85027863,48°01′30″W,-48.02508723,13.0303,235.74°
15°54′00″S,-15.9000525,47°56′29″W,-47.94143659,12997,188.043°
15°47′55″S,-15.79848728,47°45′17″W,-47.75471521,18.2329,94.97°
15°52′23″S,-15.87302982,47°55′51″W,-47.93097092,9.8882,184.055°
15°37′02″S,-15.61731795,47°57′12″W,-47.95328959,18.8336,350.554°
15°44′32″S,-15.74234621,47°55′59″W,-47.93322014,4.7657,348.619°
15°38′10″S,-15.63597669,47°57′57″W,-47.96585884,17.0887,344.952°
15°46′29″S,-15.77465551,47°48′07″W,-47.80208194,13.1404,85.309°
15°47′16″S,-15.7878433,48°04′46″W,-48.07943467,16.5943,268.638°
15°39′48″S,-15.66346604,47°53′14″W,-47.88711689,14.0267,16.555°
15°39′09″S,-15.6524616,47°57′44″W,-47.96209082,15.2135,344.628°
15°45′40″S,-15.76101272,47°57′34″W,-47.95955673,4.5684,304.621°
15°48′23″S,-15.80638413,47°59′35″W,-47.99298892,7.7354,251.521°
15°54′48″S,-15.91321745,48°02′06″W,-48.03506475,18.5893,219.536°
15°39′41″S,-15.66151507,47°58′11″W,-47.96968653,14.4962,340.469°
15°43′26″S,-15.72401013,48°02′59″W,-48.04995083,15.0191,296.526°
15°38′12″S,-15.63654006,47°50′06″W,-47.83512538,19.0193,30.196°
15°40′01″S,-15.66705654,47°50′41″W,-47.8446728,15.5926,33.218°
15°44′25″S,-15.74027616,48°05′24″W,-48.08990039,18.3779,285.448°
15°41′59″S,-15.69994938,47°55′28″W,-47.924475,9.3877,359.974°
15°46′15″S,-15.7707548,47°44′53″W,-47.74809029,18.9358,85.443°
15°43′49″S,-15.73033032,47°58′14″W,-47.97048649,7.7719,320.627°
15°47′18″S,-15.78829151,48°02′04″W,-48.03450831,11.7893,267.855°
15°37′18″S,-15.62167851,47°57′57″W,-47.96579951,18.6277,346.24°
15°42′16″S,-15.70435606,47°52′33″W,-47.87575499,10.3114,30.365°
15°56′46″S,-15.94597884,47°53′32″W,-47.89228756,18.3033,169.173°
15°54′47″S,-15.91301296,47°58′33″W,-47.97588085,15.3327,201.032°
15°48′06″S,-15.80157258,48°04′23″W,-48.07311878,16.0281,263.116°
15°43′59″S,-15.73343008,48°01′57″W,-48.03255641,12.8853,296.061°
15°53′54″S,-15.89836472,47°49′45″W,-47.82925462,16.2647,141.244°
15°42′50″S,-15.71383469,47°59′24″W,-47.99009855,10.5322,318.124°
15°45′56″S,-15.76565015,47°56′57″W,-47.94914893,3.3651,308.176°
15°47′34″S,-15.79263907,47°48′27″W,-47.80758607,12.5404,94.231°
15°39′23″S,-15.65640418,48°00′38″W,-48.01054453,16.9564,327.052°
15°54′10″S,-15.90267095,48°03′48″W,-48.06346538,19.8619,228.484°
15°37′37″S,-15.6270383,47°50′14″W,-47.83710201,19.8394,28.133°
15°52′13″S,-15.87033388,47°50′26″W,-47.84044973,13.1237,136.791°
15°41′09″S,-15.68587577,47°53′30″W,-47.8917071,11.4999,17.744°
15°54′26″S,-15.90730267,48°03′14″W,-48.05385387,19.4622,225.341°
15°36′49″S,-15.61373362,47°53′58″W,-47.8995111,19.1639,8.009°
15°41′05″S,-15.68471096,47°50′50″W,-47.84715181,13.8305,36.754°
15°52′12″S,-15.8698635,48°01′47″W,-48.02979722,14.7506,229.835°
15°45′38″S,-15.76052295,48°04′23″W,-48.07316864,16.1392,279.431°
15°43′23″S,-15.72311119,47°56′31″W,-47.94187688,7.0627,344.669°
15°57′27″S,-15.95762415,47°55′26″W,-47.92396327,19.2726,179.85°
15°43′46″S,-15.72931659,47°50′24″W,-47.84004688,10.9122,55.889°
15°47′17″S,-15.78808058,47°59′10″W,-47.98620381,6.6241,266.401°
15°44′07″S,-15.73529793,48°03′36″W,-48.05988701,15.4919,290.603°
15°48′52″S,-15.81439974,47°46′08″W,-47.76886165,16.9823,101.371°
15°38′46″S,-15.64608337,47°59′24″W,-47.98989896,16.9009,335.49°
15°51′10″S,-15.85289381,47°51′19″W,-47.85536022,10619,135.893°
15°43′10″S,-15.71941349,47°45′40″W,-47.76118247,18.9099,67.567°
15°42′38″S,-15.71064993,47°59′11″W,-47.98649673,10.5517,320.968°
15°49′16″S,-15.82116716,47°59′28″W,-47.9910533,8.2219,240.12°
15°46′48″S,-15.77986981,48°02′05″W,-48.0346893,11.8113,272.404°
15°46′47″S,-15.77965816,48°00′39″W,-48.01075078,9.2533,273.222°
15°46′48″S,-15.77999147,47°44′30″W,-47.7417833,19.5559,88.604°
15°45′42″S,-15.7617946,48°02′24″W,-48.04009551,12.6317,281.44°
15°42′19″S,-15.70516026,47°59′17″W,-47.98816425,11.1412,322.232°
15°52′44″S,-15.8788692,47°49′35″W,-47.82645715,14.8474,135.091°
15°40′53″S,-15.68149378,47°53′18″W,-47.88826047,12.0782,18.707°
15°42′43″S,-15.71205991,47°59′48″W,-47.99653017,11.1453,316.164°
15°52′32″S,-15.87549854,47°53′59″W,-47.8998126,10.4748,165.434°
15°48′14″S,-15.80375435,47°51′24″W,-47.85672041,7.5619,106.592°
15°51′51″S,-15.86421558,48°02′49″W,-48.04691291,15.8331,235.855°
15°56′31″S,-15.94190729,47°54′23″W,-47.90652325,17.6289,173.761°
15°55′08″S,-15.91889199,47°53′56″W,-47.89890528,15.2118,169.658°
15°56′40″S,-15.94432399,47°57′19″W,-47.95530123,18097,190.51°
15°50′44″S,-15.84568621,47°50′30″W,-47.84156777,11.1886,127.581°
15°43′25″S,-15.72360208,47°52′01″W,-47.86681103,9.1492,42.402°
15°48′41″S,-15.81148009,47°52′26″W,-47.87400938,6.1832,119.217°
15°53′41″S,-15.89483891,47°46′55″W,-47.78194058,19.5833,128.888°
15°56′09″S,-15.9357912,47°59′19″W,-47.98862115,18.1902,202.172°
15°43′00″S,-15.7165981,48°02′14″W,-48.03711378,14.2227,301.98°
15°48′44″S,-15.81222974,48°02′54″W,-48.04821026,13605,256.809°
15°52′31″S,-15.87526879,47°59′37″W,-47.99352093,12.5265,216.159°
15°47′55″S,-15.79855695,48°01′46″W,-48.02946683,11.3518,261.985°
15°42′32″S,-15.70883259,47°48′40″W,-47.8109779,14.7674,55.349°
15°43′29″S,-15.72459237,47°48′20″W,-47.80553007,14.3596,62.443°
15°48′15″S,-15.80419069,47°54′10″W,-47.902847,3195,133.685°
15°51′06″S,-15.85153534,47°45′07″W,-47.75181288,19.9273,112.048°
15°52′39″S,-15.87741711,47°53′02″W,-47.88393715,11.2219,157.289°
15°55′03″S,-15.91736847,47°54′14″W,-47.90387205,14.9577,171.544°
15°53′15″S,-15.8875771,48°02′05″W,-48.03465946,16.46,225.756°
15°39′51″S,-15.66404318,48°00′14″W,-48.00391697,15858,327.536°
15°43′55″S,-15.73190874,48°04′38″W,-48.0771201,17.3539,289.62°
15°42′17″S,-15.70467298,47°58′14″W,-47.97064644,10.1496,330.823°
15°54′25″S,-15.9069181,47°53′08″W,-47.88552116,14.2544,163.021°
15°53′11″S,-15.88625171,47°49′20″W,-47.82216336,15.7551,136.018°
15°38′26″S,-15.64060922,47°51′50″W,-47.86386751,17.2531,22.087°
15°51′25″S,-15.85691407,47°45′44″W,-47.76218528,19.1471,114.953°
15°56′58″S,-15.94931316,47°59′22″W,-47.98956916,19.6269,200.788°
15°49′44″S,-15.82877184,47°48′48″W,-47.81331676,12.8775,112.576°
15°54′58″S,-15.91616416,47°52′04″W,-47.86777461,15.8651,157.542°
15°46′59″S,-15.78297534,47°53′12″W,-47.88656358,4.0564,87.843°
15°50′38″S,-15.84389579,47°52′36″W,-47.87662273,8.3693,142.317°
15°50′37″S,-15.84359301,47°48′24″W,-47.80665242,14.2232,117.615°
15°52′40″S,-15.87790514,48°00′53″W,-48.01478116,14.2035,222.882°
15°43′19″S,-15.72205044,47°51′14″W,-47.85378163,10.2578,47.514°
15°44′25″S,-15.74016185,48°04′06″W,-48.06844888,16.1803,287.664°
15°38′46″S,-15.64614016,47°55′58″W,-47.93271129,15.3982,356.7°
15°44′18″S,-15.73839558,47°49′21″W,-47.82238101,12.0611,64.939°
15°54′42″S,-15.91180195,47°53′06″W,-47.88496816,14.7915,163.417°
15°37′53″S,-15.63135221,47°57′26″W,-47.95715699,17.3744,348.362°
15°38′52″S,-15.64774318,47°50′55″W,-47.84862092,17.2268,28.123°
15°52′13″S,-15.87036563,47°58′10″W,-47.96950016,10.7137,206.744°
15°38′43″S,-15.64527971,47°53′36″W,-47.8933428,15.8226,12.15°
15°44′01″S,-15.73350238,47°50′23″W,-47.83974397,10.6854,58.054°
15°52′25″S,-15.87349283,47°48′45″W,-47.81263503,15.5381,129.666°
15°44′34″S,-15.74276983,47°52′44″W,-47.87885523,6.7228,46.538°
15°48′44″S,-15.81208574,47°55′24″W,-47.92329257,3.0872,177.729°
15°43′11″S,-15.71971895,48°02′01″W,-48.03373414,13.7323,301.552°
15°56′47″S,-15.94641092,47°59′41″W,-47.9948147,19.5348,202.662°
15°38′52″S,-15.64781526,47°57′23″W,-47.956268,15.5641,347.347°
15°42′06″S,-15.70159849,47°53′23″W,-47.88978767,9.9236,21.954°
15°42′49″S,-15.7137458,47°53′37″W,-47.89362325,8.5178,22.788°
15°53′35″S,-15.89291999,48°01′27″W,-48.02424404,16.1208,221.476°
15°53′14″S,-15.88710371,48°00′56″W,-48.01554911,15.0224,220.454°
15°45′23″S,-15.75642413,47°50′11″W,-47.83648999,9.9129,71.751°
15°45′16″S,-15.75446754,48°03′38″W,-48.06057417,14.9465,282.831°
15°42′02″S,-15.70044102,47°51′11″W,-47.85302113,12.0646,39.333°
15°51′13″S,-15.85353586,47°58′37″W,-47.9770479,9.5349,216.184°
15°43′44″S,-15.72902506,48°01′45″W,-48.029169,12.7892,298.747°
15°47′03″S,-15.78426824,47°45′52″W,-47.76449102,17.1192,89.991°
15°50′18″S,-15.83833241,47°51′55″W,-47.86531832,8.7221,133.51°
15°53′19″S,-15.88864268,47°50′34″W,-47.84289749,14515,143.062°
15°41′30″S,-15.69164046,48°02′30″W,-48.04172091,16.2478,309.379°
15°56′56″S,-15.94890487,47°54′11″W,-47.90303617,18.4453,172.873°
15°41′57″S,-15.69906607,47°47′02″W,-47.78399462,17.7773,57.77°
15°41′47″S,-15.69642081,48°00′15″W,-48.00404201,12.9723,318.921°
15°41′00″S,-15.68330911,47°49′42″W,-47.82821826,15.2451,42.521°
15°41′59″S,-15.6995925,48°04′50″W,-48.0805656,19.1898,299.403°
15°51′06″S,-15.85157492,47°52′27″W,-47.87425165,9.2059,144.319°
15°56′22″S,-15.93942822,47°59′07″W,-47.98520877,18.4335,200.646°
15°41′53″S,-15.69810595,48°00′48″W,-48.01343639,13.5204,315.182°
15°47′21″S,-15.78915049,48°03′52″W,-48.06445394,14.9958,267.941°
15°53′25″S,-15.89037328,47°56′11″W,-47.93645489,11.8624,186.222°
15°43′17″S,-15.72140488,48°05′26″W,-48.09063992,19.1199,291.457°
15°51′28″S,-15.85765759,47°53′33″W,-47.89256978,8838,157.308°
15°52′10″S,-15.86934308,48°00′27″W,-48.00748699,12.9749,223.221°
15°46′25″S,-15.77352862,47°54′38″W,-47.9106053,1908,50.885°
15°43′09″S,-15.71926687,47°58′36″W,-47.97672182,9.1506,322.282°
15°43′45″S,-15.72906584,47°58′42″W,-47.9783938,8.4365,316.785°
15°44′54″S,-15.748385,47°46′20″W,-47.77214035,16.7856,76.233°
15°37′03″S,-15.61758756,47°53′14″W,-47.88734786,18.9689,12.09°
15°41′59″S,-15.69960517,47°59′34″W,-47.99268708,11.9263,322.209°
15°53′12″S,-15.8866105,48°03′22″W,-48.05600385,18.0989,231.047°
15°39′01″S,-15.65036096,47°55′25″W,-47.92362241,14.9035,0.335°
15°46′13″S,-15.77018819,47°51′27″W,-47.85739353,7.3468,77.628°
15°43′10″S,-15.7194844,47°47′56″W,-47.79890468,15.2524,61.786°
15°43′11″S,-15.71963193,48°04′13″W,-48.07018176,17.1826,294.748°
15°48′22″S,-15.80612915,47°52′59″W,-47.8830819,5.0455,118.697°
15°54′24″S,-15.90657742,47°59′22″W,-47.98948151,15.2728,207.101°
15°51′49″S,-15.86350318,47°58′37″W,-47.97694236,10444,212.54°
15°43′57″S,-15.73257158,47°48′46″W,-47.81282316,13.2633,64.279°
15°44′03″S,-15.7341251,47°52′19″W,-47.87205024,7.9154,45.115°
15°45′52″S,-15.76439774,48°03′10″W,-48.05278125,13.9159,279.159°
15°39′23″S,-15.65652244,47°56′30″W,-47.9416549,14.3369,352.61°
15°47′44″S,-15.79554658,47°54′13″W,-47.90355376,2.5585,119.127°
15°48′36″S,-15.8100618,48°00′21″W,-48.00590139,9.1759,251.83°
15°40′24″S,-15.67322598,47°53′19″W,-47.88872035,12938,17.195°
15°44′43″S,-15.74530341,48°00′28″W,-48.00769875,9.9146,295.969°
15°51′10″S,-15.85291593,47°57′41″W,-47.96151938,8597,207.486°
15°54′17″S,-15.90465452,47°59′33″W,-47.99257331,15.2382,208.575°
15°42′33″S,-15.709086,47°57′33″W,-47.95920701,9.1617,336.023°
15°40′57″S,-15.68259538,48°00′17″W,-48.00465964,14.2078,322.796°
15°44′41″S,-15.74479075,48°02′45″W,-48.04577505,13.7136,288.699°
15°52′39″S,-15.87738508,47°59′19″W,-47.98865599,12.4218,213.58°
15°46′04″S,-15.76779184,47°49′39″W,-47.82737624,10.5509,79.96°
15°51′41″S,-15.86125654,47°59′18″W,-47.98840479,10.9558,218.661°
15°52′58″S,-15.88278106,47°56′01″W,-47.93351085,10991,185.068°
15°47′21″S,-15.78911821,47°49′01″W,-47.81702405,11.5086,92.655°
15°39′05″S,-15.65144531,47°55′20″W,-47.92224777,14.7845,0.908°
15°45′18″S,-15.7550207,47°45′11″W,-47.75291824,18.6468,79.947°
15°53′03″S,-15.88426334,48°01′02″W,-48.01734932,14.9112,221.805°
15°42′55″S,-15.71535496,47°53′53″W,-47.89811214,8.1752,20.167°
15°42′50″S,-15.71384577,47°53′19″W,-47.88865769,8.7274,26.036°
15°52′43″S,-15.87859223,48°04′57″W,-48.08240095,19.8897,238.175°
15°53′05″S,-15.8847141,47°51′28″W,-47.85777829,13.2472,147.432°
15°51′40″S,-15.86113743,47°53′26″W,-47.8905526,9.2785,157.001°
15°48′30″S,-15.8082026,47°58′00″W,-47.9665811,5.2329,239.533°
15°49′15″S,-15.82072615,47°44′35″W,-47.74305545,19.8289,101.798°
15°43′37″S,-15.72688318,47°51′21″W,-47.85591686,9.7291,48.938°
15°36′38″S,-15.61050186,47°55′22″W,-47.92288515,19.3373,0.492°
15°46′23″S,-15.77301304,48°04′12″W,-48.06999024,15.6304,274.608°
15°52′38″S,-15.87711992,47°47′05″W,-47.78468324,18.1689,124.624°
15°51′02″S,-15.85050417,47°57′07″W,-47.95207647,7.9303,201.897°
15°45′35″S,-15.75961279,48°05′17″W,-48.08794208,17.7165,278.913°
15°51′05″S,-15.85152047,47°51′21″W,-47.85577256,10.4789,135.485°
15°48′31″S,-15.80855296,48°01′16″W,-48.02118266,10.6986,255.414°
15°45′37″S,-15.76038569,47°59′41″W,-47.99475521,7.9849,289.492°
15°53′11″S,-15.88647218,47°48′25″W,-47.80706122,16.9341,132.141°
15°46′56″S,-15.78234887,48°01′37″W,-48.02695562,10.9752,271.149°
15°44′24″S,-15.74000367,47°52′43″W,-47.87847692,6.9666,44.931°
15°48′57″S,-15.81587609,47°55′34″W,-47.92620143,3.5115,183.085°
15°49′58″S,-15.8326808,47°57′52″W,-47.96431779,6.8639,218.444°
15°40′05″S,-15.66804682,47°49′01″W,-47.81708242,17.3045,41.635°
15°43′20″S,-15.72233188,48°01′42″W,-48.02843248,13.0966,301.77°
15°52′13″S,-15.87029642,48°00′20″W,-48.00550286,12.9088,222.212°
15°51′12″S,-15.85326644,48°03′14″W,-48.05381432,15.8255,241.012°
15°56′01″S,-15.93369974,47°59′16″W,-47.98778909,17.9412,202.189°
15°47′51″S,-15.79742179,47°44′23″W,-47.73985955,19.8084,94.234°
15°52′31″S,-15.87519247,47°50′33″W,-47.84263783,13.3681,139.109°
15°56′12″S,-15.93657763,47°56′30″W,-47.94167747,17.0318,186.216°
15°51′36″S,-15.86008645,47°48′41″W,-47.81130838,14.7484,124.847°
15°51′34″S,-15.859482,47°45′45″W,-47.76261325,19.2278,115.782°
15°51′26″S,-15.85729817,47°54′15″W,-47.90411417,8.4,164.999°
15°44′09″S,-15.73579442,48°03′56″W,-48.0655131,16.0383,289.659°
15°48′16″S,-15.80451412,48°02′19″W,-48.03871865,12.4352,259.595°
15°54′41″S,-15.91140852,48°03′15″W,-48.05413377,19.8066,224.461°
15°49′04″S,-15.81778585,47°56′34″W,-47.94279654,4.2061,207.85°
15°54′19″S,-15.90521707,47°54′12″W,-47.90339564,13.6307,170.496°
15°40′04″S,-15.6677938,47°48′26″W,-47.8071355,18.0496,44.105°
15°44′49″S,-15.74707631,47°50′14″W,-47.83734847,10.2024,66.035°
15°40′13″S,-15.67017609,47°51′56″W,-47.86554956,14.1781,26.41°
15°42′59″S,-15.71639974,47°57′52″W,-47.96454451,8.6924,330.394°
15°49′25″S,-15.82355734,48°01′42″W,-48.02833884,11.9444,248.573°
15°43′35″S,-15.72630283,47°48′56″W,-47.81556862,13323,61.028°
15°40′35″S,-15.67625551,47°56′26″W,-47.94064097,12.1476,351.787°
15°42′46″S,-15.71281256,48°02′30″W,-48.04177841,14.8697,302.336°
15°41′42″S,-15.6949338,47°52′56″W,-47.88224446,10.9232,24.431°
15°48′52″S,-15.81432109,47°58′25″W,-47.97360382,6.2291,237.64°
15°47′31″S,-15.79204844,47°54′04″W,-47.90099011,2.6514,108.841°
15°49′36″S,-15.82655458,47°56′55″W,-47.94856,5.3573,208.808°
15°47′51″S,-15.79746062,47°49′18″W,-47.82160519,11102,97.561°
15°48′25″S,-15.80699248,48°00′25″W,-48.00682974,9.1709,254.051°
15°42′57″S,-15.71593114,47°59′27″W,-47.99097128,10.4233,316.886°
15°48′10″S,-15.80284921,47°50′58″W,-47.84934464,8296,104.37°
15°45′24″S,-15.75653958,48°05′59″W,-48.09964448,19.0077,279.342°
15°53′16″S,-15.88781876,47°58′37″W,-47.97698517,12.8086,206.033°
15°44′48″S,-15.74661968,47°55′49″W,-47.93027947,4.2431,351.522°
15°49′37″S,-15.82683892,47°53′17″W,-47.88806019,6.1227,140.524°
15°52′29″S,-15.87462751,47°51′09″W,-47.85243008,12.6568,142.508°
15°53′13″S,-15.88689082,47°51′40″W,-47.86098014,13.2733,149.241°
15°37′29″S,-15.62483769,47°53′10″W,-47.88618168,18.2088,13.005°
15°48′04″S,-15.80107203,48°00′22″W,-48.00614453,8.9407,257.983°
15°50′05″S,-15.83475323,48°04′21″W,-48.0725678,16815,250.505°
15°46′32″S,-15.77543518,47°58′15″W,-47.97081144,5.0619,281.292°
15°53′43″S,-15.89525162,47°55′56″W,-47.93214052,12.3626,183.823°
15°51′41″S,-15.86139366,47°58′32″W,-47.97560847,10.1695,212.573°
15°56′07″S,-15.93516944,47°53′36″W,-47.89322414,17.1041,168.746°
15°52′40″S,-15.87785685,48°04′59″W,-48.08312706,19.9129,238.493°
15°46′50″S,-15.78063512,48°04′25″W,-48.07349555,15.9597,271.464°
15°43′27″S,-15.72409665,48°00′51″W,-48.0141243,11.7087,304.904°
15°37′46″S,-15.62937359,47°58′52″W,-47.9810613,18.2728,340.614°
15°55′15″S,-15.92089327,47°50′45″W,-47.84577059,17.3635,151.015°
15°56′57″S,-15.94918558,47°57′13″W,-47.95363563,18.5982,189.666°
15°51′29″S,-15.85813056,47°55′02″W,-47.91719006,8.2428,174.603°
15°50′04″S,-15.83455032,48°01′12″W,-48.02001203,11.6532,241.358°
15°41′29″S,-15.69146034,47°54′31″W,-47.90872358,10.4679,9.249°
15°48′20″S,-15.80559813,47°56′11″W,-47.93627804,2.6816,208.204°
15°45′26″S,-15.75710598,47°53′29″W,-47.89134089,4.6618,49.459°
15°53′16″S,-15.88772073,47°53′42″W,-47.8949007,11.9239,164.634°
15°49′58″S,-15.83277067,48°00′47″W,-48.01299566,10.9009,240.381°
15°40′08″S,-15.66889512,47°59′45″W,-47.99573678,14.9393,329.261°
15°43′58″S,-15.73275457,47°56′45″W,-47.945707,6.1741,338.356°
15°54′18″S,-15.90487142,47°47′17″W,-47.78811562,19.8105,132.602°
15°41′16″S,-15.68773552,47°52′59″W,-47.88311063,11.6213,22.382°
15°46′03″S,-15.76738739,47°58′53″W,-47.98125309,6.3675,287.229°
15°48′58″S,-15.81602655,47°59′39″W,-47.99425812,8.2615,244.748°
15°51′55″S,-15.86515149,47°59′37″W,-47.9937202,11.6507,219.512°
15°45′16″S,-15.75458066,47°55′05″W,-47.91796541,3.3829,11.815°
15°55′22″S,-15.92290625,47°52′10″W,-47.86948367,16.4945,159.125°
15°49′35″S,-15.82644408,47°52′39″W,-47.87744037,6.8714,132.956°
15°38′34″S,-15.6428859,47°58′47″W,-47.9798174,16.8149,339.343°
15°52′49″S,-15.88014372,47°51′55″W,-47.86535416,12.3891,149.324°
15°49′33″S,-15.82589101,47°59′33″W,-47.99248272,8.6245,237.598°
15°45′21″S,-15.75596993,47°45′16″W,-47.75446105,18.4659,80.18°
15°43′48″S,-15.72997311,48°05′41″W,-48.09464388,19.1978,288.341°
15°39′06″S,-15.65173163,47°53′35″W,-47.89296327,15.1308,12.872°
15°43′24″S,-15.72341895,47°48′15″W,-47.80423911,14.5426,62.24°
15°41′45″S,-15.69570153,47°54′26″W,-47.90718735,10.0316,10.609°
15°54′37″S,-15.91028807,48°00′33″W,-48.00927945,16692,212.935°
15°50′57″S,-15.84910036,48°00′06″W,-48.00176547,10.9704,228.958°
15°57′40″S,-15.9611388,47°57′13″W,-47.95368244,19.9108,189.037°
15°48′54″S,-15.81491622,47°57′29″W,-47.95797203,4.9437,226.549°
15°39′42″S,-15.661762,47°47′28″W,-47.79104048,19.7456,46.345°
15°47′59″S,-15.79971099,48°03′45″W,-48.06252502,14.8778,263.387°
15°44′54″S,-15.74822184,47°56′44″W,-47.94561161,4.6137,330.572°
15°45′47″S,-15.76297695,47°49′49″W,-47.83018897,10.3643,76.752°
15°47′05″S,-15.78477646,47°56′21″W,-47.93921424,1.5825,268.285°
15°47′25″S,-15.79017629,48°02′29″W,-48.04139736,12.5352,267.021°
15°55′01″S,-15.91693478,47°56′23″W,-47.93975505,14.8376,186.34°
15°53′05″S,-15.88479253,47°52′35″W,-47.87652003,12.2921,155.354°
15°42′57″S,-15.71585329,47°51′00″W,-47.84999556,11.0249,46.297°
15°38′23″S,-15.63981405,47°51′30″W,-47.85831053,17.5663,23.778°
15°48′47″S,-15.81309823,47°49′51″W,-47.83078277,10.5208,107.706°
15°50′11″S,-15.8364491,47°56′31″W,-47.94204799,6.0935,198.016°
15°48′53″S,-15.8147945,47°52′26″W,-47.87397943,6.3739,122.097°
15°49′13″S,-15.82016606,48°01′38″W,-48.02716093,11.6934,250.068°
15°55′34″S,-15.9261312,47°59′55″W,-47.99867389,17.6571,206.724°
15°51′34″S,-15.85937354,47°59′11″W,-47.98625968,10649,218.401°
15°42′01″S,-15.70017984,47°49′29″W,-47.82480492,14.1919,48.738°
15°54′43″S,-15.91196124,47°59′39″W,-47.99410844,16.0322,207.7°
15°43′41″S,-15.7280811,48°02′01″W,-48.03365364,13.2613,298.146°
15°41′00″S,-15.68326956,47°46′43″W,-47.77856406,19.2429,54.269°
15°44′07″S,-15.73529764,47°52′22″W,-47.87279135,7.7673,45.384°
15°51′07″S,-15.8518486,47°52′26″W,-47.8738044,9.2585,144.188°
15°41′57″S,-15.69908901,47°51′41″W,-47.86147448,11.6347,35.412°
15°45′48″S,-15.76327471,48°00′48″W,-48.01325096,9.7914,283.84°
15°53′58″S,-15.89948023,48°02′15″W,-48.03741903,17.6105,223.337°
15°42′02″S,-15.70063607,47°49′14″W,-47.82050216,14.5086,50.09°
15°54′44″S,-15.91235297,47°50′00″W,-47.83338879,17.2511,145.63°
15°47′09″S,-15.78592945,47°47′40″W,-47.79443987,13.9148,90.741°
15°48′23″S,-15.80643515,48°05′52″W,-48.09780284,18.7167,262.435°
15°48′13″S,-15.80348823,48°01′45″W,-48.02930473,11.4239,259.247°
15°52′41″S,-15.87801337,48°04′28″W,-48.07434197,19.1271,236.978°
15°48′08″S,-15.80234446,48°00′42″W,-48.01166091,9.5476,257.888°
15°50′19″S,-15.83847973,47°58′21″W,-47.97240647,7.9121,220.448°
15°50′37″S,-15.84370117,48°00′46″W,-48.01269409,11.5233,235.038°
15°42′22″S,-15.70599633,47°50′34″W,-47.84290596,12.3342,45.053°
15°50′27″S,-15.84087184,47°55′55″W,-47.93205888,6.3393,187.393°
15°43′47″S,-15.72974904,47°46′10″W,-47.76947668,17.6647,69.912°
15°46′06″S,-15.76838929,47°49′39″W,-47.82748359,10.5282,80.305°
15°57′16″S,-15.95454583,47°54′01″W,-47.9002293,19.1064,172.213°
15°48′49″S,-15.81362963,47°54′38″W,-47.91046425,3.5834,155.339°
15°44′37″S,-15.74350561,47°56′36″W,-47.94328786,4.9711,336.047°
15°56′52″S,-15.94785642,47°54′24″W,-47.90654633,18.2865,173.995°
15°42′31″S,-15.7087257,47°49′21″W,-47.8226255,13.7674,52.354°
15°44′10″S,-15.7360976,47°56′37″W,-47.94364786,5.7476,339.032°
15°42′25″S,-15.70688903,47°57′57″W,-47.96578668,9.6865,332.801°
15°47′10″S,-15.78609781,47°44′49″W,-47.7469224,19.0006,90.61°
15°44′17″S,-15.73799615,47°46′03″W,-47.76742578,17.5801,72.967°
15°53′38″S,-15.89402433,47°49′14″W,-47.8206656,16.4954,137.704°
15°40′52″S,-15.68112882,47°50′52″W,-47.84775909,14.1139,35.575°
15°48′00″S,-15.79988312,48°00′17″W,-48.00460262,8.7523,258.605°
15°48′41″S,-15.81146328,47°57′02″W,-47.95054373,4.1111,222.814°
15°52′07″S,-15.86864469,47°52′36″W,-47.87669522,10.6772,151.421°
15°48′18″S,-15.80486646,48°05′45″W,-48.09596295,18.4993,262.891°
15°52′07″S,-15.86854673,47°51′49″W,-47.86367281,11.4008,145.235°
15°52′00″S,-15.86675406,47°59′00″W,-47.98329924,11.1212,214.491°
15°39′12″S,-15.65346457,47°59′45″W,-47.995909,16.4467,332.262°
15°44′46″S,-15.7461706,47°45′52″W,-47.76458057,17.6304,76.084°
15°50′31″S,-15.84207407,48°00′55″W,-48.01519855,11.6433,236.523°
15°38′13″S,-15.63688795,47°57′27″W,-47.95756971,16.7811,347.791°
15°36′58″S,-15.6160478,47°55′09″W,-47.91918226,18.7282,1.722°
15°54′54″S,-15.91503222,47°58′31″W,-47.97518851,15.5165,200.479°
15°55′50″S,-15.93064675,48°00′58″W,-48.01622135,19.0057,211.099°
15°52′04″S,-15.86786288,48°05′15″W,-48.08743665,19.7618,241.941°
15°54′41″S,-15.9113916,47°49′27″W,-47.82423647,17.7372,142.825°
15°40′36″S,-15.6765824,48°02′36″W,-48.04334668,17.4858,313.26°
15°50′12″S,-15.83673022,47°50′11″W,-47.83632797,11.0838,121.722°
15°48′31″S,-15.80867925,47°47′35″W,-47.79309855,14.3146,100.914°
15°54′38″S,-15.91062402,48°01′19″W,-48.02202893,17.5014,216.617°
15°48′30″S,-15.80834759,47°58′11″W,-47.96969326,5.5304,241.138°
15°48′21″S,-15.80583152,47°45′40″W,-47.76124381,17.6285,97.811°
15°49′57″S,-15.83262858,47°52′35″W,-47.87635964,7.4368,136.23°
15°52′19″S,-15.87203653,47°46′02″W,-47.76716544,19.4511,120.115°
15°50′39″S,-15.84408107,47°59′16″W,-47.9877793,9.4915,225.569°
15°49′05″S,-15.81810471,48°05′09″W,-48.08594755,17.6885,257.724°
15°42′31″S,-15.7086063,47°59′50″W,-47.99720044,11.4741,317.234°
15°51′09″S,-15.85247213,47°59′38″W,-47.9938808,10.6131,224.436°
15°54′39″S,-15.91091215,47°57′43″W,-47.96195799,14.6382,195.913°
15°49′22″S,-15.82279723,48°04′55″W,-48.08205865,17.4027,255.754°
15°51′39″S,-15.86074808,47°57′56″W,-47.96558178,9.5704,207.386°
15°46′12″S,-15.77004081,47°59′38″W,-47.99393866,7.6077,282.067°
15°47′18″S,-15.7882582,47°53′29″W,-47.89130727,3.5723,96.992°
15°41′16″S,-15.6877569,48°00′42″W,-48.01176057,14.2418,318.96°
15°52′51″S,-15.88085601,47°54′52″W,-47.9143796,10.7877,174.277°
15°45′55″S,-15.76525568,48°02′17″W,-48.03812298,12.3527,279.885°
15°38′48″S,-15.64668793,47°53′21″W,-47.88906812,15.7731,13.896°
15°57′20″S,-15.9554815,47°53′12″W,-47.88663482,19.4591,168.01°
15°39′57″S,-15.66573444,48°01′36″W,-48.02668319,17.1435,320.302°
15°53′16″S,-15.88784674,47°48′51″W,-47.81420192,16.4817,134.317°
15°52′00″S,-15.86677224,47°54′49″W,-47.91362955,9.24,172.812°
15°43′41″S,-15.72797126,47°53′56″W,-47.89886109,6.8425,23.588°
15°49′37″S,-15.82699459,48°01′13″W,-48.0202032,11.2934,245.153°
15°53′53″S,-15.89818385,47°53′31″W,-47.8920552,13.1267,164.7°
15°50′45″S,-15.8458476,48°02′59″W,-48.04987813,15.0665,242.983°
15°47′56″S,-15.79891478,47°51′47″W,-47.8629199,6.7803,103.83°
15°48′30″S,-15.80825838,48°02′24″W,-48.04007412,12.6587,257.858°
15°39′38″S,-15.66061329,47°53′29″W,-47.89129582,14.2129,14.461°
15°55′02″S,-15.91733915,47°50′41″W,-47.84464799,17.0786,150.02°
15°44′20″S,-15.7388356,47°46′52″W,-47.78100924,16.1661,71.77°
15°50′11″S,-15.83637258,47°57′26″W,-47.95720456,6.7659,211.215°
15°51′49″S,-15.86358653,47°58′31″W,-47.97526287,10.3563,211.674°
15°47′33″S,-15.79238394,47°59′32″W,-47.99223565,7.3114,262.972°
15°40′42″S,-15.67840094,47°48′39″W,-47.81087362,16.9319,45.909°
15°38′56″S,-15.64884949,48°01′50″W,-48.03065905,18881,322.947°
15°39′12″S,-15.65329729,48°01′01″W,-48.01685273,17.6177,325.818°
15°50′57″S,-15.84920884,47°53′37″W,-47.89353888,7.9355,155.38°
15°41′53″S,-15.69805454,47°47′57″W,-47.79909304,16.4981,54.44°
15°45′24″S,-15.7566388,47°51′37″W,-47.86030837,7.5245,65.826°
15°48′17″S,-15.80462413,47°57′50″W,-47.96375234,4774,241.809°
15°41′44″S,-15.69550331,47°46′50″W,-47.78062722,18.2943,57.324°
15°47′05″S,-15.78485903,48°01′02″W,-48.01709523,9.9177,269.661°
15°46′49″S,-15.78041031,47°51′53″W,-47.86485132,6.3926,86.076°
15°42′34″S,-15.70946298,47°46′12″W,-47.77010632,18.5023,63.265°
15°50′49″S,-15.84683228,48°03′25″W,-48.05687051,15.7848,243.861°
15°52′51″S,-15.88095325,47°57′55″W,-47.96541127,11.6049,202.194°
15°52′00″S,-15.86666065,48°02′43″W,-48.04539492,15.8543,234.712°
15°56′13″S,-15.93702677,47°58′25″W,-47.97367887,17.7801,197.23°
15°43′13″S,-15.72025992,48°03′59″W,-48.06650067,16.7958,295.095°
15°48′28″S,-15.80777009,47°45′54″W,-47.76506402,17.2547,98.704°
15°47′23″S,-15.78968659,47°59′18″W,-47.98827971,6859,265.028°
15°49′14″S,-15.82048491,47°54′45″W,-47.91236969,4.2214,162.189°
15°44′37″S,-15.74366224,47°55′14″W,-47.92063367,4.5439,5.139°
15°46′34″S,-15.77621212,48°06′31″W,-48.10851305,19.7234,272.606°
15°47′45″S,-15.79585273,47°45′31″W,-47.75860291,17795,94.145°
15°52′42″S,-15.87835257,47°54′10″W,-47.90274651,10.7099,167.487°
15°53′47″S,-15.89626678,47°52′08″W,-47.86899464,13.7893,154.526°
15°41′45″S,-15.69596154,48°02′01″W,-48.03365424,15.2763,310.043°
15°45′52″S,-15.7645072,47°55′14″W,-47.92059798,2.2451,10.544°
15°41′01″S,-15.68359563,47°47′04″W,-47.78457227,18.7029,53.207°
15°45′35″S,-15.75962639,47°52′50″W,-47.88060682,5438,59.628°
15°46′17″S,-15.77136324,47°53′58″W,-47.89957128,3.0282,61.51°
15°51′41″S,-15.86148239,47°53′18″W,-47.88829243,9.4106,155.737°
15°52′42″S,-15.87841233,47°51′41″W,-47.8614185,12447,147.205°
15°38′54″S,-15.64829044,47°49′07″W,-47.81849998,18.9122,36.865°
15°44′21″S,-15.73920591,47°55′40″W,-47.92773464,5.0337,355.977°
15°47′31″S,-15.79187135,48°03′46″W,-48.06275497,14.8279,266.747°
15°57′38″S,-15.96042144,47°53′24″W,-47.89011432,19.9249,169.385°
15°42′58″S,-15.71606805,48°01′57″W,-48.03263842,13851,303.238°
15°41′08″S,-15.68566811,48°03′58″W,-48.06619792,18.73,305.856°
15°49′45″S,-15.82907482,47°57′36″W,-47.96002983,6.2654,217.439°
15°42′27″S,-15.70747696,47°52′45″W,-47.87913675,9.8299,29.566°
15°38′14″S,-15.63717056,47°59′41″W,-47.99466119,18.0146,335.321°
15°43′24″S,-15.72319846,47°55′26″W,-47.92383036,6.8021,0.546°
15°41′16″S,-15.68765189,47°50′40″W,-47.84436834,13.7534,38.565°
15°50′05″S,-15.8347577,47°50′56″W,-47.84889315,9.8383,124.751°
15°38′17″S,-15.6381009,47°52′35″W,-47.87651067,17057,17.514°
15°47′31″S,-15.79193698,48°03′05″W,-48.05132635,13.6073,266.428°
15°45′52″S,-15.76451199,48°02′22″W,-48.03941262,12.5031,280.15°
15°55′34″S,-15.92619201,47°54′37″W,-47.91018732,15.8499,174.482°
15°56′34″S,-15.94286034,47°57′51″W,-47.96408536,18.1336,193.524°
15°39′05″S,-15.65126912,47°59′23″W,-47.9896311,16.3655,334.744°
15°53′50″S,-15.89723658,47°58′38″W,-47.97725424,13.7692,204.227°
15°53′13″S,-15.88683152,48°00′38″W,-48.0104254,14.6489,218.9°
15°55′39″S,-15.92755028,47°53′09″W,-47.88593949,16.4515,165.506°
15°55′38″S,-15.92734876,47°57′42″W,-47.96177655,16.3992,194.095°
15°52′09″S,-15.86908779,47°53′50″W,-47.89719483,9.8654,162.817°
15°45′21″S,-15.7557009,47°46′43″W,-47.77873985,15.9175,78.471°
15°40′41″S,-15.67815808,48°04′12″W,-48.07010858,19.5637,307.119°
15°46′26″S,-15.77377144,47°47′30″W,-47.79161477,14.2651,85.286°
15°52′28″S,-15.87444971,47°56′14″W,-47.93726778,10115,187.8°
15°47′23″S,-15.7898444,47°44′37″W,-47.74354628,19.3704,91.832°
15°47′30″S,-15.79154216,47°53′33″W,-47.89245499,3.5151,103.157°
15°55′14″S,-15.92045999,47°56′13″W,-47.93693306,15.1978,185.046°
15°51′48″S,-15.86343706,47°50′24″W,-47.84010378,12.6023,134.278°
15°45′13″S,-15.75369098,47°53′45″W,-47.89579794,4.5854,41.956°
15°43′01″S,-15.71680615,48°05′26″W,-48.09067009,19.3163,292.866°
15°38′30″S,-15.64173501,47°56′48″W,-47.94674491,16.0415,351.434°
15°52′12″S,-15.87004903,48°04′59″W,-48.08317163,19.4779,240.679°
15°42′08″S,-15.70219884,48°03′47″W,-48.0629672,17.4193,301.62°
15°46′00″S,-15.76672587,47°45′18″W,-47.75492685,18.2493,83.856°
15°51′49″S,-15.86352119,47°53′24″W,-47.89002422,9.5447,157.311°
15°48′26″S,-15.80736027,47°56′47″W,-47.94625416,3.4645,222.376°
15°45′52″S,-15.76438917,47°51′09″W,-47.85258958,8.0043,73.905°
15°44′38″S,-15.74397807,48°03′16″W,-48.05446874,14.6255,287.863°
15°40′37″S,-15.67690481,48°04′23″W,-48.07307617,19.9013,306.886°
15°50′59″S,-15.84963883,48°05′00″W,-48.08321404,18.4783,246.838°
15°54′40″S,-15.91112433,47°52′00″W,-47.86676697,15.3915,156.373°
15°44′23″S,-15.73978105,47°59′23″W,-47.98967094,8.5638,305.363°
15°53′47″S,-15.89625599,47°48′11″W,-47.80301127,17.9926,133.787°
15°38′06″S,-15.63486263,47°53′48″W,-47.89675808,16.8891,10.11°
15°45′59″S,-15.76626889,47°51′01″W,-47.85033813,8.1822,75.781°
15°37′39″S,-15.62756684,47°50′32″W,-47.84234844,19.5283,26.76°
15°38′14″S,-15.63731306,48°00′49″W,-48.01351343,18.9324,329.738°
15°56′45″S,-15.94593734,47°53′15″W,-47.88762561,18.3991,167.645°
15°41′28″S,-15.69099653,47°51′17″W,-47.85465939,12.7913,35.741°
15°43′57″S,-15.73258149,47°48′35″W,-47.80982715,13.5525,64.873°
15°50′14″S,-15.83708993,47°54′49″W,-47.91348992,5.9818,168.708°
15°44′18″S,-15.73820632,47°56′47″W,-47.94636012,5.6436,335.425°
15°41′08″S,-15.685669,47°57′27″W,-47.95742704,11.5303,342.158°
15°51′04″S,-15.85107001,47°59′55″W,-47.99860609,10866,226.916°
15°45′21″S,-15.75570512,47°56′50″W,-47.94716266,4.0087,322.635°
15°44′59″S,-15.74982738,47°57′18″W,-47.95506649,5.0493,319.503°
15°41′32″S,-15.69224364,47°48′49″W,-47.8137167,15667,49.178°
15°49′09″S,-15.8191975,48°03′19″W,-48.05529576,14.5314,254.513°
15°40′59″S,-15.68301626,47°48′58″W,-47.81612188,16.1711,45.829°
15°48′25″S,-15.80685163,47°53′56″W,-47.8989,3.7057,132.484°
15°52′25″S,-15.87357182,47°56′20″W,-47.93882951,10.0425,188.821°
15°48′43″S,-15.81207982,47°54′14″W,-47.90396207,3.7833,144.61°
15°50′39″S,-15.84420917,47°57′34″W,-47.95939522,7.6369,209.328°
15°44′19″S,-15.73857968,48°06′16″W,-48.10458195,19.9443,284.765°
15°40′26″S,-15.67398549,47°53′47″W,-47.8963565,12.6383,13.764°
15°46′18″S,-15.77163034,48°05′06″W,-48.08492034,17.2357,274.687°
15°36′49″S,-15.61367512,47°53′56″W,-47.89892297,19.1792,8.192°
15°47′39″S,-15.79414765,47°54′14″W,-47.9040002,2.4436,116.484°
15°47′50″S,-15.79716377,47°45′26″W,-47.75715677,17.9603,94.574°
15°41′50″S,-15.69719142,47°46′57″W,-47.78247127,18.0267,57.486°
15°52′27″S,-15.87425341,47°49′00″W,-47.81660069,15.2691,130.926°
15°47′16″S,-15.78775695,47°49′02″W,-47.81709629,11.4949,91.903°
15°47′49″S,-15.79690174,47°47′46″W,-47.79603882,13.8129,95.818°
15°45′37″S,-15.76018073,47°47′45″W,-47.79592654,14.0157,78.959°
15°46′41″S,-15.7780809,47°51′25″W,-47.85682706,7.27,84.504°
15°56′07″S,-15.93538282,48°01′11″W,-48.01978955,19654,211.258°
15°55′47″S,-15.92978331,47°49′53″W,-47.83144438,18.9908,148.418°
15°46′34″S,-15.77621998,47°52′34″W,-47.87600817,5.2617,80.109°
15°46′30″S,-15.7749743,47°55′59″W,-47.93312118,1.3971,318.287°
15°41′11″S,-15.68635941,47°46′16″W,-47.77112041,19.7028,56.435°
15°38′02″S,-15.63377754,48°00′57″W,-48.0159105,19.4015,329.668°
15°44′34″S,-15.7428482,47°56′36″W,-47.94332533,5.0396,336.343°
15°42′27″S,-15.70762572,47°55′44″W,-47.92880645,8.5467,356.861°
15°47′33″S,-15.79254966,48°05′44″W,-48.09550346,18.3321,267.126°
15°49′39″S,-15.82757845,47°59′54″W,-47.99833361,9.2554,238.693°
15°39′43″S,-15.66196801,48°02′34″W,-48.04270322,18591,317.055°
15°54′28″S,-15.90789792,47°55′31″W,-47.92520589,13.7419,180.343°
15°47′33″S,-15.79260752,48°00′22″W,-48.00598501,8.7764,263.983°
15°53′41″S,-15.89468491,47°57′47″W,-47.9631323,12.9517,198.639°
15°43′52″S,-15.73097794,47°52′17″W,-47.8714141,8.2132,43.721°
15°42′48″S,-15.71346436,47°53′09″W,-47.88584191,8.9014,27.66°
15°42′50″S,-15.71400631,47°52′02″W,-47.86718599,9.9387,38.079°
15°40′18″S,-15.67168544,48°01′56″W,-48.03232393,17.0427,317.317°
15°43′20″S,-15.72228779,47°49′26″W,-47.82402518,12.7746,57.304°
15°43′20″S,-15.72217047,48°04′15″W,-48.07091719,17.1381,293.781°
15°38′46″S,-15.64612257,47°48′48″W,-47.81331952,19.4402,37.748°
15°38′42″S,-15.64490895,47°57′22″W,-47.95623174,15.8789,347.616°
15°44′41″S,-15.74474325,47°59′26″W,-47.99059554,8.3404,301.876°
15°46′50″S,-15.78054307,48°05′03″W,-48.08426215,17112,271.397°
15°42′36″S,-15.70994535,47°52′24″W,-47.87327884,9.9238,33.501°
15°52′06″S,-15.86829789,47°52′17″W,-47.87143635,10.9246,148.732°
15°49′22″S,-15.8228289,48°04′19″W,-48.07199466,16.3617,254.817°
15°54′07″S,-15.90184021,47°56′16″W,-47.93775189,13.1453,186.221°
15°47′25″S,-15.79036667,48°05′11″W,-48.08643745,17352,267.768°
15°47′42″S,-15.79509609,48°02′13″W,-48.03700033,12.1068,264.32°
15°47′07″S,-15.78539863,47°57′11″W,-47.95310254,3.0705,267.822°
15°46′33″S,-15.77569834,47°50′38″W,-47.84376824,8.6877,83.651°
15°54′37″S,-15.91030116,47°57′24″W,-47.95657292,14.4248,193.787°
15°48′57″S,-15.81592148,47°45′21″W,-47.75595887,18.3698,101.043°
15°47′02″S,-15.78398659,47°56′07″W,-47.93531998,1.1657,271.992°
15°43′49″S,-15.73023969,47°52′57″W,-47.88248567,7.5093,36.733°
15°41′02″S,-15.68389401,47°48′55″W,-47.81518476,16.1756,46.324°
15°55′54″S,-15.93168364,47°58′55″W,-47.98182196,17.4997,200.532°
15°49′57″S,-15.83255979,47°49′27″W,-47.82429257,11.9838,116.593°
15°45′42″S,-15.76156348,47°48′20″W,-47.80546341,12.9844,78.76°
15°46′04″S,-15.76772338,48°03′08″W,-48.05212072,13.7915,277.689°
15°46′14″S,-15.77046947,47°47′05″W,-47.78464482,15.0421,84.127°
15°44′17″S,-15.73803671,47°46′30″W,-47.77505973,16.7992,72.163°
15°41′59″S,-15.70010614,47°57′35″W,-47.95985667,10.1085,337.963°
15°51′14″S,-15.85399234,48°03′49″W,-48.06356063,16.7827,242.494°
15°55′09″S,-15.9191952,47°52′03″W,-47.86737528,16.1932,157.858°
15°45′46″S,-15.76269205,48°06′27″W,-48.10755241,19.7479,276.982°
15°54′40″S,-15.91115859,47°55′38″W,-47.92708514,14.1072,181.151°
15°55′33″S,-15.92583445,47°59′59″W,-47.99978819,17.6817,207.117°
15°39′26″S,-15.65731534,47°51′08″W,-47.85217443,16.1092,28.713°
15°41′12″S,-15.68672568,47°50′04″W,-47.83442353,14.5179,41.6°
15°50′02″S,-15.83396457,48°00′20″W,-48.00544447,10.2767,237.511°
15°40′11″S,-15.66979822,48°01′06″W,-48.01846497,16.2384,321.675°
15°49′29″S,-15.8246068,48°04′04″W,-48.06783121,15.9862,253.715°
15°46′59″S,-15.78345177,47°56′26″W,-47.94043118,1.7149,273.342°
15°53′05″S,-15.88478868,47°53′54″W,-47.89832358,11.5154,165.961°
15°39′48″S,-15.66339138,48°01′11″W,-48.01984007,16892,322.781°
15°39′34″S,-15.65943866,47°54′37″W,-47.91015609,13.9774,6.282°
15°52′22″S,-15.8728209,47°57′52″W,-47.96438941,10.7288,203.479°
15°52′48″S,-15.87987438,47°50′44″W,-47.84558644,13.5674,141.556°
15°40′34″S,-15.67622318,47°47′37″W,-47.79366428,18.4568,49.355°
15°50′25″S,-15.84021244,47°46′11″W,-47.76981708,17675,110.602°
15°45′26″S,-15.75721543,48°01′29″W,-48.02467538,11146,285.698°
15°47′24″S,-15.79003912,48°06′37″W,-48.11021141,19.8938,268.152°
15°43′33″S,-15.72595572,47°58′05″W,-47.96797407,7.9943,324.332°
15°50′29″S,-15.841455,48°00′19″W,-48.00539272,10.7425,233.744°
15°47′42″S,-15.7951002,47°52′00″W,-47.86653032,6.3119,100.927°
15°55′02″S,-15.91726579,47°50′56″W,-47.84894617,16.8462,151.36°
15°42′38″S,-15.71065947,47°55′58″W,-47.93265779,8.2436,353.87°
15°50′58″S,-15.84937231,48°03′59″W,-48.06644892,16.8306,244.532°
15°47′37″S,-15.79348689,47°46′02″W,-47.76724954,16.8543,93.478°
15°41′09″S,-15.68571155,47°48′35″W,-47.80963724,16.4747,48.26°
15°37′32″S,-15.6256123,48°00′25″W,-48.00693007,19.7422,333.411°
15°50′35″S,-15.84296215,47°54′22″W,-47.90617276,6.8058,163.314°
15°41′51″S,-15.69757681,47°47′37″W,-47.79359437,17.0105,55.449°
15°42′55″S,-15.71534197,47°53′21″W,-47.88924795,8.5501,26.145°
15°51′54″S,-15.86492226,47°56′56″W,-47.94891104,9.3365,196.288°
15°46′17″S,-15.7714693,47°57′49″W,-47.96365039,4.4352,288.842°
15°50′58″S,-15.84952769,48°04′05″W,-48.06794985,16.9831,244.712°
15°50′44″S,-15.84556269,47°47′33″W,-47.79245013,15.6798,115.753°
15°53′50″S,-15.89713568,47°47′55″W,-47.79874904,18.3912,133.025°
15°53′19″S,-15.88867801,47°47′03″W,-47.78408576,18.9788,127.711°
15°40′15″S,-15.67079412,47°56′35″W,-47.94316929,12.7888,350.975°
15°43′14″S,-15.72051494,47°45′30″W,-47.75838999,19.1407,68.248°
15°52′21″S,-15.87258686,47°49′40″W,-47.82773232,14.2619,133.496°
15°45′45″S,-15.7626026,48°03′14″W,-48.05396668,14.0742,279.879°
15°48′37″S,-15.81019142,47°45′46″W,-47.76268158,17.5488,99.448°
15°45′04″S,-15.75114429,48°01′13″W,-48.02027687,10.9035,289.787°
15°51′21″S,-15.855795,47°52′02″W,-47.86728085,10.0277,142.422°
15°46′54″S,-15.78155257,47°46′37″W,-47.77707894,15.7751,88.889°
15°45′49″S,-15.76355582,47°50′07″W,-47.83515108,9.8327,76.407°
15°47′34″S,-15.79277164,47°54′59″W,-47.9167248,1.2483,138.615°
15°47′31″S,-15.79188459,47°58′43″W,-47.97874986,5.8733,261.791°
15°49′51″S,-15.83089556,48°05′36″W,-48.09338874,18.8079,254°
15°44′40″S,-15.74448277,48°05′49″W,-48.09688427,18.9845,283.485°
15°51′14″S,-15.85378599,48°05′22″W,-48.08939979,19.2688,246.349°
15°53′49″S,-15.89687204,47°59′02″W,-47.98375195,14.0327,206.883°
15°51′39″S,-15.86081418,47°58′24″W,-47.97321744,9979,211.535°
15°42′11″S,-15.70292865,47°58′40″W,-47.97765054,10.6991,327.821°
15°46′40″S,-15.77766686,47°52′34″W,-47.87613146,5.2234,81.824°
15°43′06″S,-15.71843497,48°01′39″W,-48.02749114,13.2461,303.593°
15°46′37″S,-15.77684358,47°46′10″W,-47.76932562,16.6231,87.142°
15°49′01″S,-15.81702026,47°49′58″W,-47.83270669,10.4681,110.324°
15°52′11″S,-15.86974279,47°51′02″W,-47.85060236,12.3544,140.254°
15°48′56″S,-15.81566574,47°49′48″W,-47.82994532,10.6957,109.017°
15°50′35″S,-15.84305109,47°54′56″W,-47.91562675,6.5967,171.785°
15°43′59″S,-15.73338131,47°55′33″W,-47.92596258,5.6715,358.348°
15°45′19″S,-15.75537428,47°50′18″W,-47.83836686,9.7603,70.73°
15°53′32″S,-15.89220769,47°50′51″W,-47.84738065,14.5567,145.51°
15°45′25″S,-15.75705255,47°54′43″W,-47.91185308,3.3216,23.923°
15°37′37″S,-15.62696977,47°55′56″W,-47.93229204,17.5252,357.248°
15°51′43″S,-15.86195317,47°53′55″W,-47.89857568,9.0642,162.227°
15°38′44″S,-15.64562617,48°00′10″W,-48.00285913,17.5666,331.435°
15°40′56″S,-15.68221427,47°58′48″W,-47.97999636,12.8234,332.356°
15°49′01″S,-15.81689764,47°59′24″W,-47.99004571,7.9,242.718°
15°42′03″S,-15.700932,47°50′21″W,-47.83919476,13.0139,44.535°
15°42′41″S,-15.71128731,48°01′45″W,-48.0291597,13.8465,305.924°
15°50′01″S,-15.83356338,47°57′28″W,-47.95773127,6.5313,213.059°
15°36′28″S,-15.60782652,47°55′21″W,-47.92246665,19.6353,0.616°
15°42′33″S,-15.70907696,47°55′36″W,-47.92664258,8.3758,358.383°
15°46′30″S,-15.77489505,47°58′58″W,-47.98274134,6.3287,279.558°
15°50′20″S,-15.83889402,47°53′53″W,-47.89809008,6.6898,155.077°
15°48′34″S,-15.80955419,47°51′49″W,-47.86355062,7.0937,113.285°
15°43′40″S,-15.72773543,48°04′56″W,-48.08221511,18.0255,290.426°
15°47′30″S,-15.79177049,47°58′21″W,-47.97239313,5.1988,260.86°
15°44′50″S,-15.74714854,47°59′43″W,-47.99527858,8.6387,298.61°
15°39′30″S,-15.65840608,47°56′51″W,-47.94740785,14.2227,350.039°
15°49′50″S,-15.8304904,47°51′48″W,-47.86336818,8.3095,128.149°
15°54′41″S,-15.91143454,47°54′59″W,-47.9163127,14.1617,176.482°
15°38′26″S,-15.6406458,47°56′29″W,-47.94147762,16.0876,353.485°
15°37′42″S,-15.62828393,47°52′29″W,-47.87477766,18.1548,17.037°
15°54′59″S,-15.91670024,47°54′16″W,-47.90457082,14.8733,171.787°
15°57′31″S,-15.95863231,47°55′57″W,-47.93258092,19.4042,182.573°
15°45′43″S,-15.7619296,47°58′34″W,-47.97614741,6071,294.247°
15°41′42″S,-15.69505969,47°54′13″W,-47.90364601,10.1779,12.634°
15°45′30″S,-15.758395,47°52′52″W,-47.88121274,5.4534,58.041°
15°42′24″S,-15.70654511,48°04′52″W,-48.08117141,18.8793,297.262°
15°53′58″S,-15.89947218,47°49′23″W,-47.82296093,16.7884,139.716°
15°52′41″S,-15.87798136,47°56′01″W,-47.93355366,10.4597,185.351°
15°52′41″S,-15.87793869,47°54′07″W,-47.90191312,10.6848,166.967°
15°47′39″S,-15.79425181,47°58′07″W,-47.96858314,4.8517,256.875°
15°55′43″S,-15.92858521,47°52′34″W,-47.87599203,16.8591,162.102°
15°50′56″S,-15.84875556,47°50′10″W,-47.83599901,11.8695,127.134°
15°41′46″S,-15.69600456,47°59′58″W,-47.9995259,12.6957,320.704°
15°52′12″S,-15.87009433,47°55′17″W,-47.9215246,9542,178.129°
15°49′40″S,-15.8277298,47°52′23″W,-47.87296216,7.3229,131.221°
15°46′58″S,-15.78282157,47°50′59″W,-47.84964457,8.0069,88.793°
15°41′21″S,-15.68924962,47°48′47″W,-47.81314936,15.9322,48.415°
15°47′42″S,-15.79491767,47°52′55″W,-47.88186569,4.7054,104.47°
15°44′04″S,-15.73434315,47°54′47″W,-47.91299611,5.6954,12.418°
15°47′51″S,-15.7976262,47°54′03″W,-47.90076538,2.9323,120.238°
15°52′52″S,-15.88106501,47°53′27″W,-47.89085784,11.3413,161.534°
15°49′38″S,-15.82716966,47°47′40″W,-47.79433914,14.7151,108.902°
15°48′44″S,-15.81233626,47°45′05″W,-47.75135788,18.7833,99.562°
15°49′15″S,-15.82094438,47°50′34″W,-47.84265153,9.6528,114.95°
15°52′35″S,-15.8763737,47°46′43″W,-47.77847691,18.6737,123.258°
15°40′03″S,-15.66750074,47°52′23″W,-47.87308766,14.1117,22.935°
15°53′33″S,-15.89248537,47°58′16″W,-47.9710538,13.0208,202.52°
15°41′55″S,-15.69853101,47°49′02″W,-47.81722759,14.9279,50.265°
15°37′53″S,-15.63137051,47°57′59″W,-47.96649747,17.6014,345.169°
15°52′42″S,-15.8784032,48°04′37″W,-48.0768839,19.3791,237.308°
15°47′57″S,-15.79923739,47°44′20″W,-47.73882814,19.9341,94.79°
15°41′21″S,-15.68908983,47°49′43″W,-47.82865977,14.7445,44.073°
15°49′15″S,-15.82083504,48°03′08″W,-48.05208842,14.2516,253.44°
15°42′17″S,-15.70469258,48°04′25″W,-48.07357056,18.2591,299.008°
15°47′51″S,-15.79751097,47°57′23″W,-47.95626172,3.7075,246.742°
15°39′11″S,-15.65318125,47°49′30″W,-47.82508003,18.0559,36.11°
15°43′38″S,-15.7272616,48°02′36″W,-48.04333235,14.2236,296.499°
15°50′01″S,-15.83362956,47°48′51″W,-47.81404796,13.0232,114.904°
15°41′44″S,-15.69559388,47°56′25″W,-47.94018413,10.0151,350.306°
15°55′54″S,-15.93158049,47°57′39″W,-47.96077303,16831,193.351°
15°40′29″S,-15.67480372,47°56′02″W,-47.93383025,12226,355.28°
15°55′21″S,-15.92254289,47°53′42″W,-47.89495051,15691,168.405°
15°38′59″S,-15.64974822,47°53′09″W,-47.88569878,15.5353,15.489°
15°54′30″S,-15.90828939,47°49′30″W,-47.82489285,17.4206,142.322°
15°53′38″S,-15.89401179,47°49′08″W,-47.81890767,16.6216,137.222°
15°40′41″S,-15.67813902,47°58′11″W,-47.96983561,12.7744,337.63°
15°39′07″S,-15.65206467,47°54′33″W,-47.90908639,14.8052,6.375°
15°47′05″S,-15.78472294,47°56′33″W,-47.94249163,1933,268.772°
15°41′03″S,-15.68410538,47°53′05″W,-47.88481238,11.9297,20.835°
15°41′34″S,-15.69279177,47°48′04″W,-47.80103304,16.6806,52.39°
15°53′51″S,-15.89761733,47°50′12″W,-47.83661084,15.7171,143.291°
15°54′08″S,-15.90214507,47°47′44″W,-47.79568982,19.0114,133.581°
15°39′47″S,-15.66313821,47°55′17″W,-47.92146259,13.4858,1.353°
15°42′04″S,-15.70097658,47°51′33″W,-47.85925665,11.6054,36.968°
15°41′46″S,-15.69603762,48°01′18″W,-48.02175874,14.3193,313.3°
15°45′18″S,-15.7550259,47°47′40″W,-47.7945801,14.2773,76.811°
15°42′59″S,-15.71631175,47°52′46″W,-47.87953093,8.9654,32.43°
15°45′00″S,-15.74987525,47°51′23″W,-47.85634582,8.2356,62.259°
15°39′37″S,-15.66025015,47°54′32″W,-47.90891409,13903,6.867°
15°43′46″S,-15.72935654,48°04′20″W,-48.07232721,16.9719,291.105°
15°42′25″S,-15.70685666,47°48′01″W,-47.8002793,15.8415,57.053°
15°39′03″S,-15.65074458,48°01′37″W,-48.02696468,18.4754,323.533°
15°44′36″S,-15.74322112,48°02′14″W,-48.03718322,12.9068,290.744°
15°49′08″S,-15.81879792,47°46′47″W,-47.77977922,15.9486,103.92°
15°50′59″S,-15.84974052,47°45′24″W,-47.75664646,19373,112.073°
15°44′42″S,-15.74489212,47°49′53″W,-47.83149487,10.8737,66.208°
15°39′32″S,-15.65899373,47°54′47″W,-47.91306943,13.9961,4.99°
15°47′41″S,-15.79483223,47°45′45″W,-47.76248074,17.3731,93.87°
15°41′48″S,-15.69678992,47°51′13″W,-47.8534951,12.3502,37.957°
15°36′43″S,-15.6118805,47°56′18″W,-47.93832005,19.2408,355.567°
15°50′50″S,-15.84722809,47°53′59″W,-47.89986137,7.4717,159.395°
15°57′18″S,-15.95489141,47°55′37″W,-47.92699653,18.9705,180.827°
15°45′16″S,-15.75434947,47°47′25″W,-47.79025488,14.7453,76.938°
15°48′01″S,-15.80033001,47°50′21″W,-47.83928521,9.2852,101.047°
15°40′14″S,-15.67047363,48°02′46″W,-48.04612329,18.1704,314.176°
15°47′14″S,-15.78732616,48°05′09″W,-48.0857288,17.2666,268.88°
15°57′25″S,-15.95702377,47°56′49″W,-47.94696491,19.3564,187.15°
15°57′34″S,-15.95937145,47°53′31″W,-47.89205929,19.7726,169.915°
15°37′59″S,-15.63304303,47°57′15″W,-47.95429423,17.1304,349.24°
15°52′19″S,-15.87195152,47°52′59″W,-47.88346219,10.6845,155.778°
15°50′13″S,-15.83701327,47°56′45″W,-47.9458181,6.2885,201.336°
15°43′05″S,-15.71814525,47°59′59″W,-47.99972773,10.9174,312.406°
15°50′17″S,-15.8379807,47°47′02″W,-47.78384775,16.1848,111.646°
15°54′07″S,-15.901958,47°51′42″W,-47.86156781,14.7093,152.794°
15°49′48″S,-15.83008892,47°49′33″W,-47.82585658,11.7125,115.757°
15°43′48″S,-15.73002744,47°49′51″W,-47.83080669,11.7031,58.929°
15°45′44″S,-15.76213678,48°01′44″W,-48.0289651,11.4582,282.439°
15°49′51″S,-15.83075133,48°04′59″W,-48.08296372,17.7333,253.059°
15°51′11″S,-15.85310291,48°02′12″W,-48.03678674,14.2489,237.527°
15°42′55″S,-15.71526354,47°46′36″W,-47.77669189,17584,64.107°
15°43′30″S,-15.72486949,47°55′16″W,-47.9212223,6.6249,2.977°
15°49′28″S,-15.82451089,48°02′01″W,-48.03373668,12.5214,249.085°
15°47′48″S,-15.79678268,47°59′44″W,-47.99554447,7.7353,259.693°
15°52′18″S,-15.87156282,48°05′06″W,-48.08503911,19.7346,240.537°
15°53′04″S,-15.88455584,48°04′35″W,-48.076509,19.7236,235.572°
15°50′51″S,-15.84749872,48°05′03″W,-48.08421765,18.4855,247.647°
15°40′23″S,-15.67300552,47°49′35″W,-47.82627794,16.2424,40.33°
15°45′39″S,-15.76071758,48°00′30″W,-48.0084369,9.3677,286.285°
15°51′48″S,-15.86335203,47°56′59″W,-47.94970767,9.1937,197.103°
15°39′51″S,-15.66412247,47°48′55″W,-47.81520838,17.7647,41.184°
15°37′56″S,-15.63210253,47°50′27″W,-47.84084244,19154,27.87°
15°40′26″S,-15.67379122,47°59′18″W,-47.98825766,14068,330.933°
15°47′34″S,-15.79281937,47°48′36″W,-47.8099512,12.2894,94.411°
15°50′31″S,-15.84184632,47°53′05″W,-47.88465164,7.6826,146.351°
15°46′20″S,-15.77232491,48°01′46″W,-48.02934519,11.3084,276.779°
15°41′55″S,-15.69871121,48°02′08″W,-48.03544067,15.23,308.699°
15°54′27″S,-15.90739903,47°55′28″W,-47.92441748,13.6862,179.992°
15°51′59″S,-15.86629229,47°56′18″W,-47.93838786,9.2355,189.301°
15°47′49″S,-15.79684426,47°47′46″W,-47.79604853,13.8112,95.792°
15°42′17″S,-15.70467852,48°02′01″W,-48.03363109,14669,307.15°
15°40′23″S,-15.67300914,48°02′12″W,-48.03665984,17.2547,315.852°
15°51′57″S,-15.86584044,47°53′04″W,-47.88437505,10.0264,154.692°
15°49′13″S,-15.82019403,47°46′37″W,-47.77687029,16.2883,104.188°
15°49′40″S,-15.82764905,47°46′59″W,-47.78331617,15852,107.705°
15°47′07″S,-15.78538032,47°47′59″W,-47.79985502,13.3346,90.509°
15°49′36″S,-15.8266698,47°56′03″W,-47.93423433,4.8223,192.558°
15°40′32″S,-15.67551948,47°53′35″W,-47.89309635,12.5613,15.496°
15°47′10″S,-15.78611179,48°04′32″W,-48.07563285,16.1841,269.286°
15°37′29″S,-15.62459993,47°50′56″W,-47.84896328,19.5199,24.466°
15°37′33″S,-15.62575878,47°54′53″W,-47.91470508,17.6704,3.382°
15°53′47″S,-15.89651396,48°00′40″W,-48.01121451,15.5518,216.649°
15°46′10″S,-15.76955562,48°06′18″W,-48.10513319,19411,274.839°
15°43′24″S,-15.72342484,47°53′36″W,-47.89337439,7.5484,26.14°
15°44′45″S,-15.74586823,48°01′36″W,-48.02657683,11.7414,291.366°
15°46′29″S,-15.77483116,47°44′22″W,-47.73938524,19.8351,86.965°
15°49′25″S,-15.8235806,47°45′01″W,-47.75023806,19.1468,103.197°
15°56′39″S,-15.9440851,47°53′38″W,-47.89397099,18.0631,169.608°
15°44′40″S,-15.74434621,47°45′59″W,-47.76647634,17.4841,75.278°
15°43′10″S,-15.71938125,48°05′42″W,-48.09490262,19.6271,291.58°
15°38′59″S,-15.64985737,47°59′26″W,-47.9905021,16.5473,334.684°
15°53′07″S,-15.88523647,47°56′08″W,-47.9356211,11.2847,186.087°
15°46′39″S,-15.77737954,48°02′56″W,-48.0488722,13.3415,273.315°
15°47′43″S,-15.79537227,47°44′39″W,-47.74403794,19.3467,93.657°
15°39′34″S,-15.65938912,48°00′39″W,-48.01082157,16.6951,326.347°
15°44′42″S,-15.7448977,47°48′45″W,-47.81258882,12.7513,69.886°
15°45′08″S,-15.75228773,47°45′24″W,-47.75666089,18.3094,78.791°
15°45′26″S,-15.75714206,47°50′32″W,-47.84223199,9305,71.031°
15°53′21″S,-15.88923219,47°57′29″W,-47.95806096,12.2078,197.137°
15°51′21″S,-15.85571836,47°52′06″W,-47.86828692,9.9556,142.883°
15°51′59″S,-15.86650724,48°01′25″W,-48.02350092,13.9958,229.226°
15°53′40″S,-15.89447974,47°48′19″W,-47.80523173,17.6844,133.857°
15°52′06″S,-15.86842323,47°52′25″W,-47.87357546,10.8196,149.806°
15°44′15″S,-15.7375322,47°55′32″W,-47.92547438,5.2087,358.777°
15°40′48″S,-15.67997972,47°59′38″W,-47.99375274,13.7782,327.402°
15°40′30″S,-15.67503681,47°51′24″W,-47.85677141,14.1531,30.796°
15°48′20″S,-15.80548904,47°58′21″W,-47.97260252,5.6659,245.477°
15°40′51″S,-15.6807905,47°57′27″W,-47.95757803,12.0528,342.875°
15°45′52″S,-15.76432339,47°58′52″W,-47.9811836,6.4697,290.132°
15°50′34″S,-15.84273167,47°57′20″W,-47.95549256,7.2946,207.101°
15°50′30″S,-15.84176083,47°45′53″W,-47.76464937,18.2532,110.498°
15°41′04″S,-15.6845118,47°49′06″W,-47.81845262,15.8763,45.631°
15°50′03″S,-15.83404747,47°57′18″W,-47.95489988,6.4174,210.529°
15°43′51″S,-15.73074119,47°58′27″W,-47.97404745,7985,318.304°
15°41′18″S,-15.68840698,47°57′30″W,-47.95836895,11.2729,341.196°
15°49′37″S,-15.8268512,48°03′18″W,-48.0549341,14.7444,251.283°
15°44′23″S,-15.7397462,48°05′18″W,-48.08826806,18.2255,285.774°
15°46′35″S,-15.77625962,47°52′30″W,-47.87511468,5.3552,80.332°
15°49′47″S,-15.82961483,48°04′30″W,-48.07489224,16.8706,252.617°
15°43′36″S,-15.72665974,48°03′44″W,-48.06223387,16.0862,293.491°
15°48′40″S,-15.81112108,48°04′28″W,-48.07436987,16.3206,259.468°
15°44′16″S,-15.73787555,47°47′38″W,-47.79389204,14.8995,69.717°
15°46′11″S,-15.76961111,48°04′51″W,-48.0807988,16.8166,275.574°
15°51′43″S,-15.86200041,47°59′24″W,-47.99009687,11.1339,219.122°
15°47′39″S,-15.79417437,48°05′14″W,-48.08728485,17.4639,266.391°
15°46′44″S,-15.77890425,47°44′49″W,-47.74697589,19.0038,88.197°
15°37′03″S,-15.61747316,47°51′35″W,-47.85965668,19.8149,20.499°
15°44′45″S,-15.74585913,47°49′54″W,-47.83161644,10.8188,66.701°
15°39′02″S,-15.650473,47°57′03″W,-47.95079261,15.1558,349.266°
15°51′46″S,-15.86275426,47°55′29″W,-47.92458337,8.7205,180.104°
15°48′30″S,-15.80824674,47°47′29″W,-47.79139912,14.4843,100.592°
15°54′26″S,-15.90728356,47°54′35″W,-47.90970592,13.7638,173.427°
15°42′28″S,-15.70791341,47°52′04″W,-47.86774302,10.4459,35.529°
15°51′07″S,-15.85193362,48°02′44″W,-48.04559617,14.9873,239.881°
15°50′18″S,-15.83822803,47°50′00″W,-47.83334821,11.4426,121.593°
15°52′39″S,-15.87760845,47°54′49″W,-47.91359922,10.4373,173.623°
15°51′41″S,-15.86138667,48°01′50″W,-48.03060254,14.2299,232.962°
15°47′08″S,-15.78556664,47°47′10″W,-47.786221,14794,90.542°
15°45′38″S,-15.7605036,47°58′04″W,-47.96765203,5.3323,299.825°
15°43′51″S,-15.73096091,48°00′05″W,-48.00130038,10.1472,305.808°
15°39′19″S,-15.65520586,48°03′05″W,-48.05132047,19.7709,316.58°
15°39′42″S,-15.66163119,47°57′14″W,-47.95392815,14.0102,346.971°
15°37′24″S,-15.62329518,47°51′37″W,-47.86038618,19.1816,20.958°
15°50′21″S,-15.83929555,47°53′17″W,-47.88819094,7.2383,147.601°
15°43′53″S,-15.73125721,47°58′27″W,-47.97414794,7.9494,317.971°
15°42′04″S,-15.70098065,47°50′50″W,-47.84723152,12.4217,41.721°
15°41′48″S,-15.69671534,47°52′27″W,-47.87410694,11.1374,28.939°
15°49′41″S,-15.82812718,48°03′37″W,-48.06014018,15.3176,251.447°
15°54′17″S,-15.90470259,47°53′21″W,-47.88929157,13.9044,164.314°
15°46′33″S,-15.77583617,48°02′28″W,-48.04111738,12.5248,274.321°
15°39′31″S,-15.65860888,47°49′54″W,-47.83162293,17.1566,35.407°
15°42′50″S,-15.71399273,47°47′43″W,-47.7952321,15.8918,60.517°
15°44′02″S,-15.73384344,47°56′23″W,-47.93958579,5.8472,343.896°
15°41′03″S,-15.68403467,48°00′41″W,-48.0114489,14.5353,320.13°
15°46′52″S,-15.78104849,47°48′15″W,-47.80418732,12.8758,88.381°
15°40′52″S,-15.68112524,47°53′44″W,-47.89551472,11.8916,15.096°
15°46′19″S,-15.77196955,47°50′45″W,-47.84589613,8.5186,80.707°
15°54′21″S,-15.90572743,47°51′02″W,-47.85062752,15.6405,149.683°
15°46′14″S,-15.77047065,48°00′59″W,-48.01678585,10.0046,278.865°
15°49′21″S,-15.82253687,48°04′01″W,-48.06706832,15.8447,254.432°
15°50′43″S,-15.84528063,47°45′52″W,-47.76439773,18.4187,111.61°
15°43′39″S,-15.72741275,47°46′45″W,-47.77912698,16.7947,67.866°
15°55′59″S,-15.93308925,47°53′50″W,-47.89722412,16.7978,170.023°
15°55′28″S,-15.92446775,47°57′46″W,-47.96280469,16.1163,194.752°
15°51′52″S,-15.86444207,48°01′06″W,-48.01836675,13431,228.438°
15°37′42″S,-15.62841586,48°00′43″W,-48.0119814,19.7151,331.599°
15°56′16″S,-15.93770094,48°00′05″W,-48.00130883,18936,205.733°
15°54′19″S,-15.90539572,47°56′33″W,-47.94239751,13.5998,188.122°
15°41′55″S,-15.69872683,48°02′11″W,-48.03631793,15.3023,308.474°
15°44′49″S,-15.74704688,47°49′03″W,-47.81743699,12.1818,70.101°
15°44′06″S,-15.73491833,47°51′40″W,-47.86104685,8.7335,50.991°
15°43′41″S,-15.72799276,48°01′06″W,-48.01838641,11.8508,301.922°
15°43′00″S,-15.71661965,47°55′59″W,-47.93308822,7.5903,352.99°
15°38′18″S,-15.63825333,47°55′10″W,-47.91944445,16.2587,1.884°
15°40′08″S,-15.66889581,47°54′21″W,-47.90595307,12.9932,8.762°
15°43′55″S,-15.73190804,47°56′57″W,-47.94914317,6.4047,335.606°
15°40′38″S,-15.67723453,48°03′53″W,-48.06484389,19.1811,308.381°
15°48′06″S,-15.80180126,47°45′42″W,-47.76169646,17.5254,96.381°
15°49′12″S,-15.81990876,47°53′51″W,-47.89757647,4.8892,143.993°
15°41′26″S,-15.6905838,47°50′18″W,-47.83839855,13.9145,41.462°
15°44′10″S,-15.73620671,47°49′40″W,-47.82776662,11.6514,62.652°
15°50′08″S,-15.83560763,48°00′36″W,-48.01003536,10.7899,238.093°
15°48′01″S,-15.80021818,47°45′22″W,-47.75616326,18.0961,95.62°
15°49′25″S,-15.82361477,47°56′51″W,-47.94762757,5.0232,209.608°
15°44′02″S,-15.73394646,47°56′55″W,-47.94852978,6.1711,335.292°
15°46′46″S,-15.77950282,47°56′50″W,-47.9473377,2.5099,282.404°
15°51′03″S,-15.85093407,47°54′54″W,-47.91495415,7475,172.2°
15°41′03″S,-15.68409391,47°52′23″W,-47.87311706,12.4312,26.236°
15°43′10″S,-15.71950836,47°54′36″W,-47.91011604,7.3733,12.001°
15°54′27″S,-15.90743746,47°57′22″W,-47.95610584,14.1036,193.898°
15°44′36″S,-15.74323899,47°58′37″W,-47.97686246,7239,309.167°
15°50′13″S,-15.83681058,48°06′09″W,-48.10244947,19.9243,252.947°
15°40′28″S,-15.67435911,47°53′53″W,-47.89819271,12.5525,12.938°
15°40′45″S,-15.67903727,48°01′13″W,-48.02014558,15.5629,318.809°
15°57′15″S,-15.95428639,47°58′56″W,-47.98212423,19.8834,198.076°
15°43′25″S,-15.72365768,47°52′44″W,-47.87890161,8.3266,35.837°
15°42′56″S,-15.71546363,47°47′17″W,-47.78812253,16.4817,62.316°
15°56′06″S,-15.93499343,48°00′32″W,-48.008777,19.0308,208.294°
15°42′09″S,-15.70236304,48°02′43″W,-48.04518418,15.8195,305.185°
15°38′29″S,-15.64148375,47°52′36″W,-47.87666921,16.6934,17.847°
15°54′36″S,-15.90991136,47°48′44″W,-47.81222835,18.4169,139.33°
15°40′39″S,-15.67755819,48°00′52″W,-48.01452745,15301,320.911°
15°53′49″S,-15.89704432,47°58′07″W,-47.9687256,13.4004,200.705°
15°44′21″S,-15.73909165,48°02′50″W,-48.04713411,14.0658,290.954°
15°48′00″S,-15.80004039,47°45′50″W,-47.76394342,17.2656,95.823°
15°50′49″S,-15.84689488,47°56′35″W,-47.94302807,7.2354,195.959°
15°47′56″S,-15.79875618,47°44′51″W,-47.74753971,19.0006,94.861°
15°51′26″S,-15.85728359,47°46′03″W,-47.76745324,18.6552,115.796°
15°41′51″S,-15.69739399,48°01′05″W,-48.01809158,13931,313.957°
15°45′22″S,-15.756012,47°54′54″W,-47.91509474,3.3068,17.601°
15°53′37″S,-15.89351946,47°54′23″W,-47.90647316,12.2936,171.008°
15°43′08″S,-15.71886193,47°47′30″W,-47.79173741,15964,62.87°
15°55′09″S,-15.91911377,47°48′47″W,-47.81311176,19.1456,141.542°
15°44′07″S,-15.73522841,47°48′08″W,-47.80219421,14.1802,67.354°
15°56′20″S,-15.93885513,47°57′30″W,-47.95837027,17.5642,191.925°
15°42′25″S,-15.70703746,47°57′04″W,-47.95120028,9.0641,341.569°
15°45′52″S,-15.76434402,47°54′47″W,-47.91301399,2539,28.785°
15°51′34″S,-15.85949919,47°46′44″W,-47.77878344,17.6863,118.223°
15°53′22″S,-15.88944777,47°57′23″W,-47.95637945,12179,196.295°
15°44′32″S,-15.74221159,47°46′27″W,-47.77419302,16.7516,73.772°
15°43′18″S,-15.72175959,47°53′27″W,-47.89083466,7.8361,27.329°
15°54′16″S,-15.9044449,47°54′59″W,-47.91642785,13385,176.331°
15°44′52″S,-15.74778316,47°49′26″W,-47.82379586,11.5149,69.329°
15°50′10″S,-15.83598397,47°53′26″W,-47.89056629,6.7911,147.746°
15°42′11″S,-15.70299639,47°57′03″W,-47.95095743,9.4838,342.576°
15°38′56″S,-15.64876551,48°01′07″W,-48.01866917,18.1445,326.204°
15°40′02″S,-15.66729417,47°53′45″W,-47.89582197,13.3754,13.244°
15°43′57″S,-15.73258283,47°52′06″W,-47.86822136,8.3286,46.27°
15°52′53″S,-15.88144319,47°50′07″W,-47.83519815,14.4155,138.528°
15°44′16″S,-15.73768341,47°52′10″W,-47.86946237,7.8468,48.593°
15°50′21″S,-15.83917661,47°48′06″W,-47.80167163,14.4842,114.915°
15°56′06″S,-15.93505597,47°58′34″W,-47.9761909,17.6533,198.274°
15°47′11″S,-15.78633997,48°00′50″W,-48.01384415,9.5721,268.664°
15°52′34″S,-15.8762374,47°57′55″W,-47.96528866,11.1159,203.153°
15°55′10″S,-15.91940355,47°59′06″W,-47.9850621,16.3622,203.348°
15°42′31″S,-15.70854871,48°01′17″W,-48.02138831,13.3719,309.075°
15°56′07″S,-15.93518427,47°53′50″W,-47.8972164,17.0275,170.156°
15°52′48″S,-15.87995042,47°49′15″W,-47.820867,15.3586,133.828°
15°47′59″S,-15.79974196,47°53′58″W,-47.89944835,3.1753,122.627°
15°53′15″S,-15.88736297,47°56′16″W,-47.93766296,11.5447,187.04°
15°41′20″S,-15.68900687,47°49′59″W,-47.83292092,14.4378,42.746°
15°47′34″S,-15.79273952,47°51′28″W,-47.85774173,7199,97.456°
15°55′13″S,-15.92017996,48°01′56″W,-48.03215917,19.0024,217.326°
15°50′23″S,-15.8397223,48°04′17″W,-48.07125415,16.8761,248.576°
15°49′09″S,-15.81903939,47°54′34″W,-47.90943563,4.1789,157.41°
15°50′41″S,-15.84484568,47°45′54″W,-47.76509196,18.3319,111.555°
15°56′41″S,-15.94463985,47°58′30″W,-47.97511537,18.6346,196.909°
15°40′50″S,-15.68065374,47°55′16″W,-47.92118289,11.5391,1.73°
15°53′55″S,-15.89871618,47°56′22″W,-47.93954212,12.8227,187.24°
15°53′20″S,-15.888773,47°58′41″W,-47.97809452,12.9562,206.299°
15°41′36″S,-15.69322369,47°51′25″W,-47.85706066,12.4403,35.446°
15°38′57″S,-15.64917452,47°53′28″W,-47.89115655,15.4516,13.337°
15°39′18″S,-15.65499115,47°59′59″W,-47.99965139,16.4886,330.754°
15°44′42″S,-15.74504172,47°48′46″W,-47.81273366,12.7312,69.929°
15°52′08″S,-15.86900471,47°54′19″W,-47.90536742,9.6343,167.775°
15°50′46″S,-15.84600173,47°46′19″W,-47.77206872,17.6889,112.829°
15°56′16″S,-15.93777435,47°50′33″W,-47.84257394,19.1811,152.842°
15°49′21″S,-15.82256748,47°51′52″W,-47.8644104,7703,123.5°
15°44′51″S,-15.74763253,47°57′15″W,-47.95412596,5.1749,322.107°
15°57′21″S,-15.95586154,47°52′15″W,-47.87083962,19.9196,163.277°
15°43′25″S,-15.72356997,47°56′34″W,-47.94271288,7.0379,343.857°
15°48′10″S,-15.80275374,48°03′51″W,-48.06419228,15.0972,262.189°
15°51′50″S,-15.8639513,47°52′15″W,-47.87079884,10.5514,147.052°
15°49′14″S,-15.82058883,47°45′30″W,-47.75843842,18217,102.805°
15°48′49″S,-15.81371137,47°45′36″W,-47.76000764,17.8983,100.535°
15°52′58″S,-15.88285012,47°58′27″W,-47.97413757,12.1783,205.887°
15°38′37″S,-15.64355313,47°56′44″W,-47.94557063,15.8231,351.775°
15°52′35″S,-15.87632542,47°58′10″W,-47.96942563,11.3062,205.196°
15°44′29″S,-15.74126332,48°02′44″W,-48.04562027,13829,290.26°
15°54′52″S,-15.91431141,47°47′57″W,-47.79908089,19.7192,137.159°
15°54′38″S,-15.91041833,47°51′36″W,-47.86004292,15.6233,153.841°
15°48′57″S,-15.81594263,48°03′03″W,-48.05091055,13.9845,255.43°
15°41′50″S,-15.69714339,47°57′50″W,-47.96379873,10.5756,336.512°
15°57′44″S,-15.96222193,47°53′55″W,-47.89864609,19.9754,172.064°
15°37′24″S,-15.62323773,47°57′26″W,-47.95735875,18.2635,348.866°
15°42′48″S,-15.71342021,47°50′03″W,-47.83409245,12.4811,50.806°
15°50′05″S,-15.83481901,47°58′08″W,-47.96877367,7.3501,220.202°
15°54′59″S,-15.91658929,47°55′25″W,-47.92370363,14.7086,179.695°
15°57′13″S,-15.9536855,47°53′12″W,-47.88668918,19.2625,167.903°
15°50′46″S,-15.84623133,48°03′46″W,-48.06266084,16.3151,245.029°
15°56′44″S,-15.94559189,47°51′46″W,-47.86286362,19.1058,159.839°
15°57′35″S,-15.95977682,47°57′41″W,-47.96134593,19.9075,191.436°
15°52′09″S,-15.86928509,47°49′55″W,-47.83203696,13.6751,133.707°
15°54′01″S,-15.90022546,47°55′23″W,-47.92292894,12.8893,179.283°
15°39′13″S,-15.65352047,47°51′49″W,-47.86374126,15.9369,24.072°
15°54′41″S,-15.91133158,47°59′44″W,-47.99562637,16.0467,208.33°
15°44′52″S,-15.74766065,47°45′09″W,-47.75253469,18.8477,77.519°
15°37′26″S,-15.62393455,47°59′54″W,-47.99825959,19.5151,336.096°
15°45′27″S,-15.75757974,47°56′50″W,-47.94711242,3.8417,320.811°
15°55′48″S,-15.93007815,47°55′23″W,-47.92294141,16.2095,179.435°
15°54′51″S,-15.91405888,47°50′58″W,-47.84935576,16.5128,150.9°
15°50′37″S,-15.8435061,48°01′30″W,-48.02509385,12.6225,238.57°
15°46′09″S,-15.76905456,47°59′06″W,-47.98508322,6.7107,284.678°
15°50′05″S,-15.83481716,47°59′36″W,-47.99338888,9.2715,232.732°
15°46′46″S,-15.77941734,47°53′13″W,-47.88698598,4.0458,82.209°
15°46′00″S,-15.7667141,47°47′46″W,-47.79615268,13.8704,81.887°
15°53′03″S,-15.88402942,47°52′31″W,-47.87538463,12.2665,154.673°
15°49′23″S,-15.82294438,47°57′35″W,-47.95975266,5.7195,221.36°
15°46′23″S,-15.7730648,47°46′07″W,-47.76856726,16.7306,85.718°
15°52′16″S,-15.87119,47°58′09″W,-47.96918979,10.7809,206.367°
15°52′01″S,-15.86702341,47°53′31″W,-47.89181203,9.8357,159.215°
15°52′45″S,-15.87918039,47°55′10″W,-47.91951409,10.5606,177.142°
15°51′33″S,-15.85915531,47°47′40″W,-47.79443531,16.2099,120.9°
15°48′37″S,-15.81036235,48°04′47″W,-48.07973193,16.8705,260.104°
15°47′20″S,-15.78886343,47°57′56″W,-47.96563963,4.4386,263.502°
15°49′40″S,-15.82780107,48°03′21″W,-48.0558441,14.8706,251.017°
15°44′38″S,-15.74378819,48°00′13″W,-48.00348001,9.5888,298.057°
15°48′25″S,-15.8068497,48°02′47″W,-48.04652764,13.3045,259.142°
15°43′07″S,-15.71851919,48°00′27″W,-48.00760192,11.5272,309.425°
15°44′30″S,-15.74164472,47°56′23″W,-47.93962925,5.0208,341.097°
15°47′14″S,-15.78731975,47°45′09″W,-47.75257106,18.3979,91.052°
15°54′42″S,-15.91167038,47°56′23″W,-47.93976265,14.2559,186.604°
15°47′46″S,-15.79619837,47°46′08″W,-47.76891865,16.6969,94.548°
15°55′08″S,-15.91876305,47°49′36″W,-47.82670864,18244,145.043°
15°49′25″S,-15.82347399,47°46′43″W,-47.7785476,16.2083,105.593°
15°43′20″S,-15.72226228,48°01′34″W,-48.0260703,12.8865,302.391°
15°57′14″S,-15.95396983,47°55′28″W,-47.92452799,18.8661,180.03°
15°48′26″S,-15.80732942,47°48′04″W,-47.80100244,13.4556,100.966°
15°46′23″S,-15.77312638,47°58′54″W,-47.98161129,6.2458,281.523°
15°48′39″S,-15.81087875,47°55′58″W,-47.93283727,3.0845,196.947°
15°45′27″S,-15.75758057,48°06′21″W,-48.10575048,19.6349,278.698°
15°50′17″S,-15.83798896,47°54′53″W,-47.91481797,6.0541,170.213°
15°50′32″S,-15.84212363,47°58′13″W,-47.97022911,8.0813,217.325°
15°43′14″S,-15.72046207,47°50′33″W,-47.84256327,11.2832,50.976°
15°55′51″S,-15.93071209,48°00′40″W,-48.01124231,18.7423,209.694°
15°49′27″S,-15.82421321,47°58′01″W,-47.96694774,6.3528,225.734°
15°39′30″S,-15.65826192,48°00′54″W,-48.01498172,17.0489,325.334°
15°36′37″S,-15.61016611,47°55′19″W,-47.9219011,19.3759,0.803°
15°40′17″S,-15.67150256,47°47′25″W,-47.79032677,19.0709,48.858°
15°50′52″S,-15.84774104,47°57′43″W,-47.96206357,8.1195,209.726°
15°52′41″S,-15.87806428,47°56′32″W,-47.94213216,10594,190.294°
15°48′43″S,-15.81206661,47°55′08″W,-47.91880556,3141,168.941°
15°47′18″S,-15.78826519,48°01′42″W,-48.02835818,11.1314,267.745°
15°45′57″S,-15.76580071,47°52′51″W,-47.88084389,5.1018,66.151°
15°42′54″S,-15.71496027,47°50′40″W,-47.84451315,11.5226,47.957°
15°56′00″S,-15.93344976,47°49′27″W,-47.82414327,19.7526,147.109°
15°50′19″S,-15.83874045,47°55′05″W,-47.91793631,6.0894,173.442°
15°50′18″S,-15.83835356,47°52′23″W,-47.87295933,8.1502,137.481°
15°55′05″S,-15.91812603,47°54′32″W,-47.90878642,14.9732,173.581°
15°39′24″S,-15.65654479,47°47′56″W,-47.79898752,19557,43.392°
15°46′47″S,-15.77985776,47°44′53″W,-47.74793509,18.8981,88.509°
15°43′26″S,-15.72401268,47°45′10″W,-47.75278394,19.5622,69.959°
15°47′14″S,-15.78726921,48°00′57″W,-48.01572228,9.7759,268.085°
15°48′48″S,-15.81341166,47°51′07″W,-47.85190198,8.4089,112.616°
15°47′06″S,-15.78512728,47°48′13″W,-47.80369695,12.9232,90.399°
15°44′18″S,-15.73836046,47°46′25″W,-47.77367261,16.9297,72.433°
15°37′47″S,-15.62985028,47°59′24″W,-47.99003366,18.5645,337.76°
15°48′15″S,-15.80412271,48°00′56″W,-48.01546291,9.9875,257.268°
15°49′25″S,-15.8234822,47°52′40″W,-47.87776372,6.6252,131.074°
15°38′11″S,-15.63633259,47°56′08″W,-47.93543986,16.5057,355.905°
15°55′50″S,-15.93061463,47°54′41″W,-47.91147524,16.3273,175.13°
15°52′06″S,-15.86828028,47°55′54″W,-47.93165328,9367,184.729°
15°52′11″S,-15.86979722,47°57′55″W,-47.96514521,10.4547,204.62°
15°47′41″S,-15.79463843,48°04′03″W,-48.0675158,15.3565,265.707°
15°51′01″S,-15.8501749,47°52′22″W,-47.87265392,9182,142.885°
15°47′33″S,-15.79259216,47°57′18″W,-47.95489526,3.3865,254.292°
15°37′26″S,-15.62401828,47°57′12″W,-47.95334512,18.0999,350.149°
15°43′14″S,-15.72066359,47°51′32″W,-47.85900985,9.9615,44.684°
15°48′20″S,-15.80566661,47°49′24″W,-47.82329545,11.0813,102.368°
15°43′47″S,-15.72965642,48°02′44″W,-48.04568195,14334,295.097°
15°42′13″S,-15.70371707,47°52′15″W,-47.87075194,10652,32.659°
15°39′25″S,-15.65702508,47°52′43″W,-47.87871094,14.9843,19.076°
15°50′58″S,-15.84949266,48°03′30″W,-48.05827445,16.0511,243.148°
15°48′29″S,-15.80811846,47°57′53″W,-47.96479572,5.0643,238.528°
15°44′15″S,-15.73758621,47°51′00″W,-47.84987628,9.5265,56.917°
15°52′34″S,-15.87611055,47°46′26″W,-47.77395185,19.0649,122.387°
15°48′39″S,-15.81095524,47°53′44″W,-47.89562083,4274,133.82°
15°43′35″S,-15.72635919,47°46′28″W,-47.77452289,17.2956,68.123°
15°42′55″S,-15.71516224,47°53′49″W,-47.89707463,8.2342,20.841°
15°46′48″S,-15.78008621,48°03′39″W,-48.06082788,14.6062,271.843°
15°50′58″S,-15.84932074,47°56′21″W,-47.93911303,7.3951,192.261°
15°47′51″S,-15.7975757,47°58′23″W,-47.97296876,5.3987,254.183°
15°39′46″S,-15.66281906,48°00′42″W,-48.01179196,16.4377,325.309°
15°54′23″S,-15.90643397,47°57′28″W,-47.95772198,14.0381,194.693°
15°51′24″S,-15.85661593,47°55′09″W,-47.91906525,8.0583,175.911°
15°43′59″S,-15.73335237,48°01′33″W,-48.02579516,12.2434,297.587°
15°47′58″S,-15.79944767,47°44′27″W,-47.74077155,19.7288,94.907°
15°46′55″S,-15.78194557,47°55′45″W,-47.92928795,0.5842,297.257°
15°50′25″S,-15.84032948,47°53′38″W,-47.89401288,7.0261,152.399°
15°43′43″S,-15.72871878,48°05′51″W,-48.09738258,19.5201,288.458°
15°55′15″S,-15.92074342,47°56′09″W,-47.93594257,15.2203,184.638°
15°50′44″S,-15.84569415,47°49′25″W,-47.82347993,12778,122.287°
15°54′37″S,-15.910244,47°58′39″W,-47.9775187,15.1107,202.072°
15°41′29″S,-15.69131492,47°59′52″W,-47.99786254,12.9952,322.768°
15°44′09″S,-15.73586024,48°04′48″W,-48.07992425,17.4963,287.933°
15°47′29″S,-15.79147952,47°50′11″W,-47.83648196,9.4471,94.826°
15°38′06″S,-15.63509626,48°01′34″W,-48.02622535,19859,326.701°
15°38′49″S,-15.64703873,48°00′30″W,-48.00838301,17.7213,329.512°
15°55′34″S,-15.92619108,48°02′12″W,-48.03657569,19.8205,217.239°
15°50′05″S,-15.83465029,47°55′24″W,-47.92334591,5.5958,178.806°
15°54′08″S,-15.90214779,47°56′42″W,-47.94513447,13288,189.592°
15°41′27″S,-15.69072252,48°01′52″W,-48.03103773,15.4498,312.366°
15°40′42″S,-15.67834165,47°51′45″W,-47.86254774,13.5251,29.341°
15°46′48″S,-15.78012973,48°05′05″W,-48.08470158,17.1602,271.546°
15°45′40″S,-15.76113727,47°57′02″W,-47.95048003,3.7998,312.802°
15°43′48″S,-15.72994898,48°00′36″W,-48.01012655,10.9889,303.399°
15°53′21″S,-15.88916377,48°01′46″W,-48.02949842,16.1955,223.946°
15°46′47″S,-15.77963622,47°49′35″W,-47.82638621,10.5077,87.153°
15°42′14″S,-15.70390924,47°45′46″W,-47.7627509,19.4847,62.687°
15°45′00″S,-15.74995004,47°46′18″W,-47.77158911,16.8024,76.858°
15°42′08″S,-15.70226311,47°51′05″W,-47.85137815,12.0222,40.593°
15°43′13″S,-15.72039374,47°53′27″W,-47.89090244,7.9682,26.781°
15°44′24″S,-15.74011298,48°00′44″W,-48.01209322,10.5951,297.66°
15°52′48″S,-15.88011168,48°03′39″W,-48.06094723,18.0784,233.884°
15°39′35″S,-15.65958693,48°00′35″W,-48.00969382,16.6101,326.652°
15°54′42″S,-15.9115999,47°49′38″W,-47.82726163,17.5621,143.711°
15°43′56″S,-15.73235925,48°04′26″W,-48.07395291,17.0179,289.845°
15°38′41″S,-15.64464447,47°49′45″W,-47.82906167,18.5941,33.324°
15°43′39″S,-15.72745008,47°55′17″W,-47.92145971,6.3369,2.882°
15°50′39″S,-15.84409662,48°00′17″W,-48.00459384,10.8511,232.225°
15°54′10″S,-15.90285671,47°58′22″W,-47.97265196,14.1546,201.369°
15°50′28″S,-15.84103273,47°51′45″W,-47.8625734,9142,133.608°
15°52′48″S,-15.88010099,48°04′06″W,-48.06828242,18.7177,235.302°
15°49′02″S,-15.8171154,47°45′53″W,-47.76465898,17.4839,102.052°
15°54′43″S,-15.91194898,47°48′41″W,-47.81129649,18.6539,139.552°
15°54′15″S,-15.90405024,47°59′04″W,-47.98456374,14.7867,205.784°
15°40′45″S,-15.67922359,48°01′46″W,-48.02934982,16.2137,316.137°
15°49′59″S,-15.83298614,47°50′18″W,-47.83838366,10.6805,120.442°
15°55′36″S,-15.92656756,47°51′47″W,-47.86304307,17.1278,157.457°
15°46′10″S,-15.76942661,47°46′37″W,-47.7769197,15.8766,84.018°
15°46′21″S,-15.77245044,47°53′40″W,-47.89451649,3.4652,67.547°
15°47′08″S,-15.7855957,48°05′16″W,-48.08783274,17.4892,269.524°
15°51′23″S,-15.85629789,47°58′19″W,-47.97207979,9.4886,212.496°
15°37′33″S,-15.62585375,47°52′43″W,-47.87850426,18.3022,15.594°
15°48′27″S,-15.80742012,47°57′52″W,-47.96436196,4.9843,239.011°
15°51′07″S,-15.85192525,47°45′37″W,-47.76020111,19.1151,113.176°
15°46′21″S,-15.77252513,48°02′25″W,-48.04017174,12.4575,276.045°
15°48′54″S,-15.81508114,47°46′02″W,-47.7671135,17.1807,101.497°
15°47′28″S,-15.79103099,47°53′45″W,-47.89583324,3.1502,103.645°
15°52′44″S,-15.87889888,47°50′37″W,-47.84358076,13.6179,140.566°
15°48′40″S,-15.81117629,47°47′19″W,-47.78856455,14.8446,101.614°
15°51′34″S,-15.8593717,47°58′47″W,-47.97976695,10.2316,215.352°
15°41′13″S,-15.68687978,47°54′21″W,-47.90582745,11.0229,10.415°
15°44′50″S,-15.74717513,48°02′17″W,-48.03807715,12848,288.759°
15°49′30″S,-15.82511977,47°58′43″W,-47.97852212,7.3531,231.918°
15°52′30″S,-15.87500822,47°52′41″W,-47.87803175,11.2398,153.788°
15°49′48″S,-15.8300611,47°46′57″W,-47.7824123,16.0271,108.514°
15°48′40″S,-15.811067,48°03′59″W,-48.06633352,15.4746,258.91°
15°47′53″S,-15.79817329,48°03′27″W,-48.05737967,14.3116,263.815°
15°47′11″S,-15.78647951,47°46′52″W,-47.78118463,15.3342,90.904°
15°41′24″S,-15.68993622,47°59′10″W,-47.98621671,12.4107,327.788°
15°54′59″S,-15.91652608,47°52′50″W,-47.88043689,15.4367,162.25°
15°48′00″S,-15.80008176,47°45′38″W,-47.76052941,17.6296,95.718°
15°40′38″S,-15.67724378,48°04′12″W,-48.06990143,19.6077,307.395°
15°41′59″S,-15.70002964,47°55′46″W,-47.92949441,9.3944,356.695°
15°46′22″S,-15.77284642,48°06′18″W,-48.10502895,19.3721,273.763°
15°45′29″S,-15.75801176,47°51′11″W,-47.85307848,8.1806,69.025°
15°45′10″S,-15.75278649,47°51′04″W,-47.8511258,8.5967,65.906°
15°54′14″S,-15.90396406,48°00′45″W,-48.01241066,16.2976,215.269°
15°50′43″S,-15.84526758,47°58′14″W,-47.9706165,8.3864,216.101°
15°50′11″S,-15.83651794,47°52′35″W,-47.87645097,7.7484,138.497°
15°47′17″S,-15.78814909,48°04′13″W,-48.07018227,15.6051,268.429°
15°42′22″S,-15.70620262,47°57′26″W,-47.95720152,9.3732,338.019°
15°44′52″S,-15.74773125,47°53′56″W,-47.89883851,4.9089,33.932°
15°49′31″S,-15.82525808,47°58′13″W,-47.97034111,6.6961,227.19°
15°43′06″S,-15.71824391,48°05′32″W,-48.09217785,19.4038,292.245°
15°45′27″S,-15.75741957,47°46′23″W,-47.77319391,16.4636,79.537°
15°40′37″S,-15.67699169,47°50′25″W,-47.84015977,14.9666,37.086°
15°45′31″S,-15.75872968,47°52′10″W,-47.86942514,6.5416,64.182°
15°49′39″S,-15.82746865,47°50′21″W,-47.8392239,10.3036,117.751°
15°52′37″S,-15.87699626,47°49′06″W,-47.81827597,15.3373,132.226°
15°43′31″S,-15.72516963,47°48′15″W,-47.80422658,14454,62.925°
15°40′40″S,-15.67769186,47°58′03″W,-47.96762587,12.7326,338.7°
15°56′35″S,-15.94292688,47°54′11″W,-47.90294379,17787,172.575°
15°53′03″S,-15.88423318,47°59′25″W,-47.99036911,13.1605,212.409°
15°49′05″S,-15.81805798,47°48′20″W,-47.80550407,13.2691,106.428°
15°48′09″S,-15.80246396,48°01′21″W,-48.02245765,10.6827,259.116°
15°54′18″S,-15.90487209,47°55′23″W,-47.92298005,13406,179.334°
15°50′14″S,-15.83723049,48°01′16″W,-48.02114516,11.9041,240.378°
15°42′08″S,-15.7021462,47°46′26″W,-47.77389125,18.5294,60.453°
15°49′50″S,-15.83045325,48°03′58″W,-48.06613891,16.0085,251.299°
15°46′47″S,-15.77966751,47°50′12″W,-47.83653009,9.4233,86.843°
15°37′36″S,-15.62676198,47°57′39″W,-47.96090251,17.9577,347.437°
15°37′47″S,-15.62981595,47°59′51″W,-47.9975575,18.8875,335.501°
15°55′26″S,-15.92382413,47°52′37″W,-47.8769991,16.3222,161.89°
15°44′29″S,-15.74143483,47°48′25″W,-47.80704151,13.4424,69.216°
15°46′06″S,-15.76845307,48°05′35″W,-48.09293671,18.1222,275.577°
15°46′30″S,-15.77504275,48°06′21″W,-48.10583139,19.4432,273.028°
15°56′10″S,-15.93623086,47°51′07″W,-47.85202454,18.5848,155.373°
15°40′54″S,-15.68172042,47°49′29″W,-47.82470813,15.6301,43.099°
15°48′51″S,-15.81430127,47°54′43″W,-47.91203992,3.5857,158.287°
15°55′25″S,-15.92357214,47°57′47″W,-47.96295986,16.0242,194.9°
15°53′51″S,-15.89761742,48°01′51″W,-48.0308863,16984,222.103°
15°39′14″S,-15.65393861,48°02′07″W,-48.035295,18.7426,320.692°
15°37′14″S,-15.62058711,47°55′12″W,-47.9198792,18.2214,1.535°
15°55′56″S,-15.93232697,47°53′04″W,-47.88458214,17.0022,165.481°
15°56′46″S,-15.94609632,47°58′59″W,-47.98303265,19.0514,199.204°
15°47′57″S,-15.79904501,48°04′24″W,-48.07323985,16.0099,264.121°
15°39′36″S,-15.65999788,47°52′04″W,-47.86785152,15.0999,23.661°
15°48′26″S,-15.80723312,47°50′28″W,-47.84108124,9.2771,105.934°
15°48′45″S,-15.81239454,47°48′56″W,-47.8154458,12.0745,104.986°
15°48′42″S,-15.8116979,48°03′10″W,-48.05278738,14.0695,257.497°
15°50′22″S,-15.83942913,48°03′52″W,-48.06436172,16.1792,247.731°
15°48′51″S,-15.81406707,47°46′27″W,-47.77428554,16.4061,101.643°
15°43′45″S,-15.72924871,47°55′56″W,-47.93216556,6.1844,352.31°
15°44′31″S,-15.74192758,47°56′26″W,-47.9404296,5.0196,340.056°
15°47′43″S,-15.79524629,47°52′43″W,-47.87858352,5.0549,103.877°
15°54′12″S,-15.9033052,47°52′52″W,-47.88116215,14.0176,160.718°
15°41′29″S,-15.69137378,47°46′21″W,-47.77257942,19.2677,57.559°
15°56′05″S,-15.93472502,47°58′52″W,-47.98121991,17.7948,199.956°
15°50′33″S,-15.84249003,48°03′27″W,-48.05751635,15.6412,245.561°
15°49′40″S,-15.82788135,48°01′02″W,-48.01721453,11.0468,243.993°
15°44′38″S,-15.74396084,48°00′31″W,-48.00864047,10071,296.481°
15°43′37″S,-15.72693645,47°50′27″W,-47.84077279,10.9995,54.52°
15°52′18″S,-15.8715973,47°45′40″W,-47.761173,19.9848,119.072°
15°41′40″S,-15.69446032,47°56′53″W,-47.94814132,10.3153,345.754°
15°55′15″S,-15.92091646,47°57′40″W,-47.96124183,15.6918,194.53°
15°46′19″S,-15.77199507,48°05′46″W,-48.09607105,18.4224,274.255°
15°41′09″S,-15.68586308,48°02′04″W,-48.03430951,16.0738,312.947°
15°38′18″S,-15.63846721,47°53′07″W,-47.88539857,16.7558,14.45°
15°45′40″S,-15.76103591,48°02′23″W,-48.03980738,12.6185,281.844°
15°39′48″S,-15.66324137,48°02′51″W,-48.04740166,18.8356,315.64°
15°37′10″S,-15.61936279,47°51′59″W,-47.86636308,19.3759,18.727°
15°48′00″S,-15.80001403,47°59′16″W,-47.98786706,7.0089,255.599°
15°51′59″S,-15.86642512,47°50′07″W,-47.83521893,13.2092,133.729°
15°52′11″S,-15.86977266,47°51′51″W,-47.86404587,11.4905,145.786°
15°57′25″S,-15.95693348,47°57′37″W,-47.96032526,19.5759,191.307°
15°51′55″S,-15.86539234,48°05′25″W,-48.09029466,19.9064,243.053°
15°40′54″S,-15.68154785,48°00′56″W,-48.01562787,15.0353,319.496°
15°51′28″S,-15.85786153,48°05′42″W,-48.09486396,19.9869,245.83°
15°49′20″S,-15.82221635,48°04′39″W,-48.07748004,16.9119,255.559°
15°38′57″S,-15.64908099,48°01′10″W,-48.01940847,18.1595,325.934°
15°43′10″S,-15.71950973,48°01′04″W,-48.01765493,12.3124,305.844°
15°46′00″S,-15.7666121,48°05′41″W,-48.09460671,18.3211,276.159°
15°38′35″S,-15.64317626,48°00′04″W,-48.0011618,17.7215,332.372°
15°49′18″S,-15.82174382,47°58′20″W,-47.97224038,6.5934,230.885°
15°55′22″S,-15.92267451,48°00′03″W,-48.00069722,17415,207.929°
15°54′42″S,-15.91178224,47°57′39″W,-47.96079555,14.6979,195.344°
15°38′54″S,-15.64838059,47°52′48″W,-47.8798971,15.8575,17.507°
15°36′40″S,-15.61104948,47°53′43″W,-47.89530111,19.5265,9.197°
15°50′13″S,-15.8370325,47°57′54″W,-47.96493311,7.2882,216.483°
15°51′02″S,-15.8505227,47°55′20″W,-47.92224607,7.3637,178.177°
15°55′09″S,-15.91921349,48°00′24″W,-48.00656148,17.3845,210.351°
15°49′11″S,-15.81985074,48°04′32″W,-48.07549162,16.6416,256.254°
15°51′31″S,-15.85850197,47°53′29″W,-47.89129785,8.9776,156.738°
15°41′21″S,-15.68913796,48°02′41″W,-48.04459248,16.6621,309.447°
15°46′52″S,-15.78103501,47°59′31″W,-47.99185043,7225,272.917°
15°49′07″S,-15.81847747,47°59′37″W,-47.99348789,8308,242.805°
15°56′59″S,-15.94964733,47°55′32″W,-47.92565703,18.3857,180.407°
15°44′45″S,-15.74579004,48°02′41″W,-48.04469629,13.5687,288.411°
15°52′41″S,-15.87808082,47°48′49″W,-47.81368029,15.7844,131.351°
15°48′39″S,-15.81095025,47°49′01″W,-47.81706016,11.8666,104.452°
15°52′43″S,-15.87852877,47°55′40″W,-47.92782081,10.4813,181.98°
15°41′22″S,-15.68953526,47°53′03″W,-47.88425179,11.3897,22.197°
15°45′36″S,-15.75993148,47°47′38″W,-47.79402369,14.2209,79.007°
15°41′22″S,-15.68942567,47°49′59″W,-47.83304737,14.3944,42.832°
15°47′05″S,-15.7846665,47°46′44″W,-47.77877355,15.5906,90.149°
15°55′57″S,-15.93261603,47°56′21″W,-47.93924807,16.5669,185.487°
15°52′15″S,-15.87072484,48°02′47″W,-48.04635864,16.2023,233.617°
15°48′56″S,-15.8155348,48°05′13″W,-48.08688626,17.7287,258.696°
15°54′53″S,-15.91484764,47°58′45″W,-47.97921376,15.6533,201.982°
15°43′37″S,-15.72689033,47°53′04″W,-47.88435875,7.6975,33.877°
15°56′49″S,-15.94694411,47°52′19″W,-47.87207318,18.9325,162.795°
15°45′18″S,-15.75493056,48°00′29″W,-48.00812904,9.5375,290.055°
15°49′06″S,-15.81822788,47°57′13″W,-47.95358185,4.8916,219.616°
15°42′55″S,-15.71536866,47°52′25″W,-47.87353551,9.4107,35.388°
15°54′37″S,-15.91024869,47°56′54″W,-47.94834668,14.2349,190.351°
15°48′50″S,-15.81401606,47°45′46″W,-47.76272098,17.6191,100.815°
15°48′50″S,-15.81386549,47°50′07″W,-47.83527224,10.0915,108.996°
15°41′51″S,-15.69743896,47°46′49″W,-47.78020265,18.2173,57.971°
15°48′05″S,-15.801354,47°54′36″W,-47.90987465,2.4506,140.511°
15°41′42″S,-15.69490899,47°48′01″W,-47.80030179,16.6004,53.198°
15°45′02″S,-15.75061873,47°48′34″W,-47.80944115,12.8683,73.064°
15°45′28″S,-15.75766974,47°59′59″W,-47.99971467,8.5869,290.208°
15°39′12″S,-15.65326258,47°52′16″W,-47.87122037,15.6542,21.351°
15°40′48″S,-15.67991864,48°02′12″W,-48.03667097,16.7124,314.015°
15°44′26″S,-15.74042745,48°03′29″W,-48.05795447,15.1043,288.854°
15°52′35″S,-15.8763317,47°48′12″W,-47.80344822,16.5009,128.333°
15°52′04″S,-15.86771645,48°01′55″W,-48.03194384,14776,231.117°
15°43′03″S,-15.71753361,48°05′20″W,-48.08881281,19.1016,292.874°
15°47′36″S,-15.7931973,48°02′33″W,-48.04252886,12.6777,265.533°
15°51′57″S,-15.86578651,48°01′27″W,-48.0240664,13.9897,229.636°
15°51′15″S,-15.85418472,47°57′40″W,-47.96110075,8.7021,206.796°
15°43′59″S,-15.73292386,47°54′05″W,-47.90138474,6.2296,23.337°
15°42′26″S,-15.70724857,48°01′34″W,-48.02608769,13.8551,308.227°
15°49′40″S,-15.82772874,48°03′01″W,-48.05034636,14.3127,250.283°
15°52′34″S,-15.8760459,47°57′19″W,-47.95520761,10.7173,197.889°
15°42′32″S,-15.70893255,47°57′55″W,-47.96533167,9.4623,332.434°
